t_epoch,t_end,magnitude_ms,excess_ms,duration_ms,n_frames,severity
1791519481.192489,1791519481.213027,20.532,12.543,20.538,2,high
1791519503.531577,1791519503.531577,21.508,7.619,0.000,1,high
1791519505.402159,1791519505.402159,19.626,5.737,0.000,1,high
1791519555.405082,1791519555.405082,22.550,8.662,0.000,1,high
1791519585.989047,1791519585.989047,18.744,4.855,0.000,1,high
1791519610.738261,1791519610.738261,20.119,6.230,0.000,1,high
1791519624.952796,1791519624.952796,28.612,14.723,0.000,1,high
1791519699.346168,1791519699.346168,19.132,5.243,0.000,1,high
1791519708.214000,1791519708.214000,20.791,6.902,0.000,1,high
1791519756.206489,1791519756.206489,18.878,4.989,0.000,1,high
1791519757.006827,1791519757.006827,18.052,4.163,0.000,1,high
1791519806.754778,1791519806.754778,23.257,9.368,0.000,1,high
1791519918.608951,1791519918.608951,19.468,5.579,0.000,1,high
1791519924.868218,1791519924.949159,29.572,21.861,80.941,2,high
1791519945.277313,1791519945.277313,18.751,4.862,0.000,1,high
1791520051.207056,1791520051.207056,18.910,5.021,0.000,1,high
1791520064.573245,1791520064.573245,18.834,4.945,0.000,1,high
1791520072.667164,1791520072.667164,18.587,4.698,0.000,1,high
1791520081.143722,1791520081.143722,20.505,6.616,0.000,1,high
1791520102.871381,1791520102.906752,19.296,10.198,35.371,2,high
1791520108.186625,1791520108.186625,19.296,5.407,0.000,1,high
1791520161.341548,1791520161.341548,40.920,27.032,0.000,1,high
1791520161.537142,1791520161.537142,40.553,26.665,0.000,1,high
1791520161.806700,1791520161.806700,29.984,16.095,0.000,1,high
1791520161.907059,1791520161.907059,39.645,25.756,0.000,1,high
1791520162.179133,1791520162.274202,37.459,43.123,95.069,2,high
1791520162.474030,1791520162.474030,33.864,19.975,0.000,1,high
1791520162.756224,1791520162.846119,42.820,54.324,89.895,2,high
1791520162.998483,1791520162.998483,19.950,6.061,0.000,1,high
1791520163.121516,1791520163.121516,33.636,19.747,0.000,1,high
1791520166.923358,1791520166.923358,54.167,40.278,0.000,1,high
1791520167.128324,1791520167.128324,45.499,31.610,0.000,1,high
1791520167.427626,1791520167.427626,31.880,17.991,0.000,1,high
1791520167.530536,1791520167.530536,40.405,26.516,0.000,1,high
1791520167.825906,1791520167.825906,30.641,16.752,0.000,1,high
1791520167.942278,1791520167.942278,40.923,27.034,0.000,1,high
1791520225.025567,1791520225.025567,31.538,17.649,0.000,1,high
1791520242.285408,1791520242.285408,26.414,12.525,0.000,1,high
1791520348.911046,1791520348.911046,20.670,6.781,0.000,1,high
1791520359.683913,1791520359.683913,19.930,6.041,0.000,1,high
1791520369.883260,1791520369.883260,27.308,13.419,0.000,1,high
1791520440.138579,1791520440.138579,18.859,4.970,0.000,1,high
1791520448.600180,1791520448.600180,17.964,4.075,0.000,1,high
1791520466.359469,1791520466.359469,23.269,9.380,0.000,1,high
1791520479.936114,1791520479.936114,19.756,5.867,0.000,1,high
1791520480.273517,1791520480.273517,20.075,6.186,0.000,1,high
1791520482.669348,1791520482.669348,20.062,6.173,0.000,1,high
1791520521.000056,1791520521.000056,20.547,6.659,0.000,1,high
1791520525.025170,1791520525.025170,35.120,21.232,0.000,1,high
1791520546.932044,1791520546.932044,22.800,8.911,0.000,1,high
1791520557.001089,1791520557.001089,19.404,5.515,0.000,1,high
1791520557.400939,1791520557.400939,19.246,5.357,0.000,1,high
1791520573.898643,1791520573.898643,19.273,5.385,0.000,1,high
1791520637.270415,1791520637.270415,28.382,14.494,0.000,1,high
1791520657.939906,1791520657.939906,21.292,7.403,0.000,1,high
1791520665.933571,1791520665.933571,22.498,8.609,0.000,1,high
1791520672.931082,1791520672.931082,24.913,11.024,0.000,1,high
1791519476.723199,1791519476.792889,16.101,11.325,69.690,2,low
1791519478.987078,1791519478.987078,14.670,4.254,0.000,1,low
1791519479.584296,1791519479.584296,14.356,3.939,0.000,1,low
1791519480.051659,1791519480.051659,14.495,4.078,0.000,1,low
1791519481.156497,1791519481.156497,16.432,6.016,0.000,1,low
1791519481.257597,1791519481.257597,15.406,4.990,0.000,1,low
1791519481.923002,1791519481.923002,15.123,4.706,0.000,1,low
1791519482.718608,1791519482.718608,16.277,5.860,0.000,1,low
1791519484.986710,1791519485.048757,15.708,10.148,62.047,2,low
1791519486.449662,1791519486.449662,14.964,4.547,0.000,1,low
1791519486.719509,1791519486.719509,16.040,5.624,0.000,1,low
1791519486.851274,1791519486.851274,16.854,6.437,0.000,1,low
1791519487.781181,1791519487.781181,15.915,5.498,0.000,1,low
1791519487.981459,1791519487.981459,14.800,4.383,0.000,1,low
1791519488.721069,1791519488.721069,16.154,5.738,0.000,1,low
1791519488.991572,1791519488.991572,15.003,4.586,0.000,1,low
1791519489.717277,1791519489.717277,15.499,5.082,0.000,1,low
1791519491.052549,1791519491.052549,16.741,6.324,0.000,1,low
1791519491.454769,1791519491.649708,15.618,19.959,194.939,4,low
1791519493.222247,1791519493.222247,14.914,4.497,0.000,1,low
1791519495.227717,1791519495.227717,15.581,5.164,0.000,1,low
1791519497.677656,1791519497.677656,15.342,4.926,0.000,1,low
1791519498.878686,1791519498.914140,15.457,9.585,35.454,2,low
1791519500.584256,1791519500.584256,15.551,5.135,0.000,1,low
1791519500.982476,1791519500.982476,15.415,4.998,0.000,1,low
1791519501.322356,1791519501.322356,15.123,4.706,0.000,1,low
1791519502.121373,1791519502.185250,15.549,10.073,63.877,2,low
1791519502.856121,1791519502.856121,15.516,5.099,0.000,1,low
1791519502.988517,1791519502.988517,15.121,4.705,0.000,1,low
1791519503.722275,1791519503.722275,14.694,4.277,0.000,1,low
1791519504.788329,1791519504.887248,15.036,9.126,98.919,2,low
1791519505.089710,1791519505.089710,15.564,5.148,0.000,1,low
1791519505.361534,1791519505.361534,15.214,4.797,0.000,1,low
1791519506.795391,1791519506.795391,14.675,4.258,0.000,1,low
1791519508.694227,1791519508.694227,14.087,3.671,0.000,1,low
1791519508.798763,1791519508.798763,14.282,3.865,0.000,1,low
1791519509.426600,1791519509.426600,13.999,3.583,0.000,1,low
1791519509.855444,1791519509.855444,14.344,3.927,0.000,1,low
1791519510.255491,1791519510.321619,14.414,7.972,66.128,2,low
1791519510.723104,1791519510.790118,16.262,9.820,67.014,2,low
1791519511.188117,1791519511.188117,16.543,6.126,0.000,1,low
1791519512.124344,1791519512.124344,14.712,4.295,0.000,1,low
1791519512.253523,1791519512.253523,14.188,3.772,0.000,1,low
1791519512.859524,1791519512.955540,14.870,8.346,96.016,2,low
1791519514.086041,1791519514.086041,14.504,4.087,0.000,1,low
1791519515.385043,1791519515.385043,15.335,4.919,0.000,1,low
1791519515.649277,1791519515.649277,14.819,4.402,0.000,1,low
1791519516.715504,1791519516.715504,16.540,6.124,0.000,1,low
1791519518.249736,1791519518.249736,15.080,4.663,0.000,1,low
1791519520.176863,1791519520.176863,14.908,4.491,0.000,1,low
1791519520.513628,1791519520.513628,14.518,4.102,0.000,1,low
1791519521.049030,1791519521.049030,15.015,4.598,0.000,1,low
1791519521.251103,1791519521.251103,14.916,4.499,0.000,1,low
1791519521.450509,1791519521.450509,15.347,4.930,0.000,1,low
1791519521.784189,1791519521.784189,14.755,4.338,0.000,1,low
1791519522.580230,1791519522.580230,15.605,5.188,0.000,1,low
1791519522.784583,1791519522.784583,14.991,4.574,0.000,1,low
1791519522.916425,1791519522.916425,14.133,3.716,0.000,1,low
1791519523.452652,1791519523.452652,14.981,4.565,0.000,1,low
1791519523.651929,1791519523.651929,14.447,4.030,0.000,1,low
1791519524.250523,1791519524.250523,14.669,4.252,0.000,1,low
1791519524.381045,1791519524.381045,14.752,4.336,0.000,1,low
1791519524.483436,1791519524.483436,15.117,4.700,0.000,1,low
1791519524.587223,1791519524.587223,15.206,4.789,0.000,1,low
1791519525.652307,1791519525.713696,15.534,9.214,61.389,2,low
1791519525.846623,1791519525.846623,14.408,3.991,0.000,1,low
1791519527.315145,1791519527.315145,14.713,4.296,0.000,1,low
1791519527.515915,1791519527.515915,14.997,4.580,0.000,1,low
1791519528.245976,1791519528.245976,14.668,4.251,0.000,1,low
1791519529.221349,1791519529.221349,14.610,4.193,0.000,1,low
1791519529.457263,1791519529.457263,15.580,5.163,0.000,1,low
1791519529.855755,1791519529.855755,14.360,3.944,0.000,1,low
1791519530.117636,1791519530.117636,14.826,4.409,0.000,1,low
1791519532.116296,1791519532.116296,15.300,4.883,0.000,1,low
1791519533.846870,1791519533.846870,14.593,4.176,0.000,1,low
1791519534.882588,1791519534.918145,15.865,9.672,35.557,2,low
1791519535.117880,1791519535.117880,14.478,4.061,0.000,1,low
1791519535.415798,1791519535.415798,14.421,4.004,0.000,1,low
1791519535.516643,1791519535.516643,14.280,3.863,0.000,1,low
1791519535.915425,1791519535.915425,14.671,4.255,0.000,1,low
1791519537.590554,1791519537.590554,16.885,6.468,0.000,1,low
1791519538.192516,1791519538.192516,15.176,4.759,0.000,1,low
1791519538.658533,1791519538.658533,15.492,5.075,0.000,1,low
1791519539.054160,1791519539.054160,14.314,3.897,0.000,1,low
1791519539.451715,1791519539.451715,14.389,3.972,0.000,1,low
1791519539.587472,1791519539.587472,15.168,4.751,0.000,1,low
1791519539.786460,1791519539.786460,14.922,4.505,0.000,1,low
1791519540.849951,1791519540.849951,14.745,4.328,0.000,1,low
1791519540.985624,1791519540.985624,14.373,3.957,0.000,1,low
1791519541.254725,1791519541.254725,14.673,4.256,0.000,1,low
1791519541.521789,1791519541.521789,14.597,4.180,0.000,1,low
1791519541.859357,1791519541.859357,14.463,4.046,0.000,1,low
1791519542.456233,1791519542.523417,14.338,7.819,67.184,2,low
1791519543.061773,1791519543.208225,17.381,21.759,146.452,4,low
1791519543.392391,1791519543.392391,14.435,4.019,0.000,1,low
1791519543.594481,1791519543.594481,15.072,4.655,0.000,1,low
1791519543.730319,1791519543.730319,15.518,5.101,0.000,1,low
1791519544.067386,1791519544.067386,16.050,5.633,0.000,1,low
1791519544.197132,1791519544.197132,16.228,5.811,0.000,1,low
1791519544.733128,1791519544.733128,14.512,4.096,0.000,1,low
1791519545.142483,1791519545.142483,14.897,4.480,0.000,1,low
1791519545.705448,1791519545.740485,14.927,8.892,35.037,2,low
1791519545.904944,1791519545.904944,14.827,4.410,0.000,1,low
1791519546.073125,1791519546.073125,14.763,4.346,0.000,1,low
1791519546.478415,1791519546.478415,15.255,4.838,0.000,1,low
1791519546.783230,1791519546.783230,16.276,5.859,0.000,1,low
1791519547.045794,1791519547.045794,15.206,4.789,0.000,1,low
1791519547.217593,1791519547.217593,14.188,3.772,0.000,1,low
1791519547.651984,1791519547.651984,14.580,4.163,0.000,1,low
1791519549.119784,1791519549.119784,17.913,7.496,0.000,1,low
1791519549.413740,1791519549.413740,14.791,4.375,0.000,1,low
1791519550.179089,1791519550.179089,15.527,5.111,0.000,1,low
1791519550.731605,1791519550.731605,16.964,6.548,0.000,1,low
1791519553.997589,1791519553.997589,17.494,7.077,0.000,1,low
1791519556.262455,1791519556.279539,17.070,12.717,17.084,2,low
1791519557.191695,1791519557.191695,16.448,6.031,0.000,1,low
1791519558.789070,1791519558.789070,15.801,5.384,0.000,1,low
1791519560.656104,1791519560.727722,16.120,10.325,71.618,2,low
1791519564.589526,1791519564.589526,14.943,4.527,0.000,1,low
1791519566.533634,1791519566.533634,14.511,4.095,0.000,1,low
1791519568.733962,1791519568.733962,14.280,3.863,0.000,1,low
1791519569.326772,1791519569.326772,15.573,5.156,0.000,1,low
1791519570.193503,1791519570.259562,16.024,10.471,66.059,2,low
1791519570.388880,1791519570.388880,14.740,4.324,0.000,1,low
1791519571.057153,1791519571.129038,16.881,11.004,71.885,2,low
1791519571.728592,1791519571.728592,15.596,5.180,0.000,1,low
1791519572.663422,1791519572.663422,15.889,5.472,0.000,1,low
1791519573.459811,1791519573.459811,14.983,4.566,0.000,1,low
1791519573.728947,1791519573.728947,14.948,4.531,0.000,1,low
1791519574.200074,1791519574.200074,15.508,5.092,0.000,1,low
1791519574.337679,1791519574.337679,16.390,5.973,0.000,1,low
1791519574.601877,1791519574.601877,15.967,5.550,0.000,1,low
1791519574.935038,1791519574.935038,15.569,5.152,0.000,1,low
1791519575.201701,1791519575.239536,16.057,10.340,37.835,2,low
1791519575.536618,1791519575.536618,15.097,4.680,0.000,1,low
1791519575.701392,1791519575.731889,15.273,9.619,30.497,2,low
1791519576.231587,1791519576.231587,15.285,4.869,0.000,1,low
1791519576.930896,1791519576.997874,15.378,9.139,66.978,2,low
1791519577.332878,1791519577.332878,14.457,4.040,0.000,1,low
1791519577.471428,1791519577.471428,16.013,5.596,0.000,1,low
1791519578.195662,1791519578.195662,14.359,3.943,0.000,1,low
1791519578.793536,1791519578.793536,15.170,4.754,0.000,1,low
1791519579.763256,1791519579.763256,16.775,6.359,0.000,1,low
1791519582.384739,1791519582.384739,14.463,4.046,0.000,1,low
1791519582.590763,1791519582.590763,15.402,4.985,0.000,1,low
1791519583.522733,1791519583.522733,14.382,3.965,0.000,1,low
1791519584.654200,1791519584.654200,14.464,4.047,0.000,1,low
1791519586.256521,1791519586.256521,14.493,4.077,0.000,1,low
1791519587.717989,1791519587.785771,15.849,10.112,67.782,2,low
1791519590.384933,1791519590.384933,14.651,4.235,0.000,1,low
1791519591.656493,1791519591.722568,15.534,9.177,66.075,2,low
1791519592.089844,1791519592.089844,14.169,3.753,0.000,1,low
1791519592.655396,1791519592.655396,14.268,3.851,0.000,1,low
1791519593.053224,1791519593.053224,14.541,4.124,0.000,1,low
1791519594.786345,1791519594.786345,15.727,5.310,0.000,1,low
1791519596.456030,1791519596.456030,14.715,4.299,0.000,1,low
1791519596.721967,1791519596.757121,15.627,9.388,35.154,2,low
1791519596.958771,1791519596.958771,14.642,4.225,0.000,1,low
1791519598.532653,1791519598.633458,16.395,16.040,100.805,3,low
1791519598.927159,1791519598.927159,15.631,5.214,0.000,1,low
1791519599.065616,1791519599.065616,14.641,4.224,0.000,1,low
1791519599.193970,1791519599.193970,14.470,4.053,0.000,1,low
1791519599.328818,1791519599.328818,15.118,4.701,0.000,1,low
1791519599.797430,1791519599.865982,14.937,8.780,68.552,2,low
1791519600.468427,1791519600.468427,15.340,4.923,0.000,1,low
1791519601.404071,1791519601.432595,15.264,8.814,28.524,2,low
1791519601.670251,1791519601.670251,14.327,3.911,0.000,1,low
1791519602.204761,1791519602.204761,15.221,4.805,0.000,1,low
1791519605.607525,1791519605.607525,15.118,4.701,0.000,1,low
1791519605.802191,1791519605.802191,15.125,4.708,0.000,1,low
1791519606.268230,1791519606.268230,15.208,4.791,0.000,1,low
1791519610.467226,1791519610.467226,15.567,5.150,0.000,1,low
1791519612.506528,1791519612.506528,17.185,6.768,0.000,1,low
1791519613.275085,1791519613.275085,16.676,6.259,0.000,1,low
1791519613.404988,1791519613.404988,15.220,4.803,0.000,1,low
1791519615.739152,1791519615.810192,16.115,10.179,71.040,2,low
1791519620.207759,1791519620.207759,15.272,4.856,0.000,1,low
1791519624.875478,1791519624.875478,18.529,8.112,0.000,1,low
1791519625.082540,1791519625.082540,16.864,6.448,0.000,1,low
1791519626.422271,1791519626.422271,19.393,8.977,0.000,1,low
1791519626.718227,1791519626.718227,17.950,7.533,0.000,1,low
1791519626.884163,1791519626.954808,17.045,12.998,70.645,2,low
1791519628.116163,1791519628.116163,16.800,6.384,0.000,1,low
1791519629.144241,1791519629.144241,17.950,7.533,0.000,1,low
1791519630.082611,1791519630.119242,20.176,16.245,36.631,2,low
1791519631.476218,1791519631.476218,16.296,5.879,0.000,1,low
1791519632.513044,1791519632.544765,18.007,13.392,31.721,2,low
1791519633.251307,1791519633.251307,16.931,6.514,0.000,1,low
1791519633.477738,1791519633.477738,16.093,5.676,0.000,1,low
1791519634.145746,1791519634.212331,16.936,12.679,66.585,2,low
1791519635.408419,1791519635.408419,16.906,6.489,0.000,1,low
1791519635.543010,1791519635.612541,15.808,10.530,69.531,2,low
1791519635.814507,1791519635.814507,16.450,6.033,0.000,1,low
1791519636.081367,1791519636.081367,15.755,5.339,0.000,1,low
1791519636.478783,1791519636.478783,16.474,6.057,0.000,1,low
1791519638.271743,1791519638.271743,15.162,4.745,0.000,1,low
1791519639.476948,1791519639.476948,15.466,5.049,0.000,1,low
1791519640.945973,1791519640.945973,18.046,7.629,0.000,1,low
1791519641.348464,1791519641.348464,17.228,6.811,0.000,1,low
1791519641.475210,1791519641.475210,17.360,6.943,0.000,1,low
1791519642.148795,1791519642.148795,19.760,9.344,0.000,1,low
1791519643.076036,1791519643.076036,17.153,6.736,0.000,1,low
1791519644.479608,1791519644.479608,17.393,6.976,0.000,1,low
1791519646.481653,1791519646.542322,18.471,14.766,60.669,2,low
1791519647.071064,1791519647.071064,16.940,6.524,0.000,1,low
1791519648.006609,1791519648.006609,17.113,6.696,0.000,1,low
1791519651.142497,1791519651.142497,17.492,7.076,0.000,1,low
1791519651.472165,1791519651.472165,16.748,6.331,0.000,1,low
1791519653.341018,1791519653.341018,16.545,6.128,0.000,1,low
1791519654.272453,1791519654.272453,16.862,6.445,0.000,1,low
1791519654.971475,1791519654.971475,15.572,5.155,0.000,1,low
1791519655.138316,1791519655.205027,17.555,12.411,66.711,2,low
1791519656.013210,1791519656.082378,17.764,13.532,69.168,2,low
1791519656.611189,1791519656.611189,17.168,6.752,0.000,1,low
1791519656.812845,1791519656.812845,17.174,6.758,0.000,1,low
1791519657.712987,1791519657.712987,16.934,6.518,0.000,1,low
1791519658.584102,1791519658.584102,15.782,5.365,0.000,1,low
1791519658.749080,1791519658.749080,17.280,6.863,0.000,1,low
1791519658.881000,1791519658.881000,15.855,5.439,0.000,1,low
1791519659.279512,1791519659.279512,18.573,8.156,0.000,1,low
1791519659.744332,1791519659.744332,16.552,6.136,0.000,1,low
1791519660.013443,1791519660.013443,16.429,6.012,0.000,1,low
1791519661.881446,1791519661.881446,16.593,6.176,0.000,1,low
1791519662.813189,1791519662.813189,15.675,5.258,0.000,1,low
1791519663.473031,1791519663.473031,15.434,5.017,0.000,1,low
1791519663.606636,1791519663.606636,16.457,6.041,0.000,1,low
1791519663.743391,1791519663.743391,16.206,5.789,0.000,1,low
1791519664.074786,1791519664.074786,16.468,6.051,0.000,1,low
1791519664.873295,1791519664.873295,15.437,5.021,0.000,1,low
1791519665.274255,1791519665.274255,15.105,4.688,0.000,1,low
1791519665.475698,1791519665.475698,16.244,5.827,0.000,1,low
1791519665.738002,1791519665.738002,15.607,5.190,0.000,1,low
1791519666.072465,1791519666.072465,15.215,4.799,0.000,1,low
1791519666.736801,1791519666.736801,14.935,4.518,0.000,1,low
1791519667.473206,1791519667.605382,15.747,14.503,132.176,3,low
1791519667.939396,1791519667.939396,14.793,4.376,0.000,1,low
1791519668.207406,1791519668.207406,15.546,5.130,0.000,1,low
1791519669.406058,1791519669.406058,15.373,4.957,0.000,1,low
1791519670.339378,1791519670.339378,16.341,5.924,0.000,1,low
1791519670.539555,1791519670.539555,15.055,4.638,0.000,1,low
1791519670.943811,1791519670.943811,15.714,5.297,0.000,1,low
1791519671.276347,1791519671.276347,15.084,4.667,0.000,1,low
1791519671.674793,1791519671.674793,14.962,4.546,0.000,1,low
1791519672.612545,1791519672.612545,15.942,5.525,0.000,1,low
1791519672.807623,1791519672.807623,15.415,4.998,0.000,1,low
1791519674.274565,1791519674.274565,15.519,5.103,0.000,1,low
1791519675.276298,1791519675.342286,16.999,11.522,65.988,2,low
1791519676.075695,1791519676.075695,15.916,5.499,0.000,1,low
1791519676.675412,1791519676.675412,15.564,5.148,0.000,1,low
1791519677.608066,1791519677.608066,15.309,4.892,0.000,1,low
1791519678.138540,1791519678.138540,14.937,4.521,0.000,1,low
1791519679.475434,1791519679.475434,15.034,4.617,0.000,1,low
1791519680.138981,1791519680.138981,15.089,4.673,0.000,1,low
1791519680.276531,1791519680.276531,14.629,4.212,0.000,1,low
1791519680.603570,1791519680.603570,15.341,4.924,0.000,1,low
1791519680.876529,1791519680.876529,14.783,4.366,0.000,1,low
1791519681.071537,1791519681.071537,15.278,4.862,0.000,1,low
1791519681.344610,1791519681.344610,16.443,6.026,0.000,1,low
1791519681.477081,1791519681.477081,16.082,5.665,0.000,1,low
1791519681.876870,1791519681.876870,15.538,5.122,0.000,1,low
1791519682.141730,1791519682.211313,15.480,10.048,69.583,2,low
1791519682.677186,1791519682.677186,14.751,4.334,0.000,1,low
1791519682.875999,1791519682.875999,15.255,4.838,0.000,1,low
1791519683.445997,1791519683.542308,15.707,9.288,96.311,2,low
1791519685.478715,1791519685.617203,14.684,12.380,138.488,3,low
1791519685.816001,1791519685.816001,15.429,5.012,0.000,1,low
1791519686.554389,1791519686.554389,14.619,4.203,0.000,1,low
1791519686.754499,1791519686.754499,17.222,6.805,0.000,1,low
1791519686.886039,1791519686.886039,15.500,5.084,0.000,1,low
1791519687.082553,1791519687.082553,15.022,4.605,0.000,1,low
1791519687.218471,1791519687.218471,15.136,4.719,0.000,1,low
1791519687.555681,1791519687.555681,15.872,5.455,0.000,1,low
1791519687.752887,1791519687.752887,14.836,4.420,0.000,1,low
1791519687.886302,1791519687.886302,15.367,4.951,0.000,1,low
1791519688.217235,1791519688.217235,14.800,4.383,0.000,1,low
1791519688.654771,1791519688.718107,15.955,9.909,63.336,2,low
1791519688.820575,1791519688.820575,17.224,6.808,0.000,1,low
1791519689.344779,1791519689.344779,15.492,5.075,0.000,1,low
1791519689.547362,1791519689.547362,15.380,4.964,0.000,1,low
1791519689.683322,1791519689.683322,15.196,4.780,0.000,1,low
1791519690.279349,1791519690.345783,16.001,10.397,66.434,2,low
1791519690.581893,1791519690.581893,15.677,5.260,0.000,1,low
1791519691.680476,1791519691.680476,15.393,4.977,0.000,1,low
1791519692.550586,1791519692.550586,15.683,5.266,0.000,1,low
1791519693.810757,1791519693.810757,14.753,4.337,0.000,1,low
1791519693.942329,1791519693.942329,14.914,4.497,0.000,1,low
1791519694.408965,1791519694.445058,14.819,8.694,36.093,2,low
1791519694.677087,1791519694.677087,15.296,4.879,0.000,1,low
1791519694.805340,1791519694.805340,14.960,4.543,0.000,1,low
1791519694.940699,1791519694.940699,14.618,4.201,0.000,1,low
1791519695.080616,1791519695.275021,16.362,20.030,194.405,4,low
1791519695.410285,1791519695.410285,14.375,3.958,0.000,1,low
1791519695.512507,1791519695.606280,14.852,8.447,93.773,2,low
1791519695.875224,1791519695.875224,14.726,4.309,0.000,1,low
1791519696.208061,1791519696.208061,14.257,3.840,0.000,1,low
1791519696.438446,1791519696.438446,14.261,3.844,0.000,1,low
1791519696.540332,1791519696.540332,15.860,5.443,0.000,1,low
1791519696.873925,1791519696.873925,14.477,4.060,0.000,1,low
1791519697.007759,1791519697.007759,15.225,4.808,0.000,1,low
1791519697.214388,1791519697.214388,16.489,6.073,0.000,1,low
1791519698.008406,1791519698.008406,15.118,4.701,0.000,1,low
1791519698.145619,1791519698.276186,15.975,15.623,130.567,3,low
1791519698.411569,1791519698.411569,14.604,4.187,0.000,1,low
1791519698.611651,1791519698.611651,16.481,6.064,0.000,1,low
1791519700.209810,1791519700.339848,15.626,14.751,130.038,3,low
1791519700.544211,1791519700.544211,15.947,5.530,0.000,1,low
1791519700.672206,1791519700.672206,14.886,4.470,0.000,1,low
1791519700.871189,1791519701.069874,15.491,17.103,198.685,4,low
1791519701.235234,1791519701.270099,14.607,8.035,34.865,2,low
1791519701.808930,1791519701.875536,14.663,8.070,66.606,2,low
1791519702.004792,1791519702.073197,15.167,8.535,68.405,2,low
1791519702.537629,1791519702.537629,14.511,4.095,0.000,1,low
1791519702.670955,1791519702.670955,16.635,6.219,0.000,1,low
1791519702.802935,1791519702.802935,14.863,4.446,0.000,1,low
1791519703.172626,1791519703.172626,15.243,4.826,0.000,1,low
1791519703.475302,1791519703.475302,14.731,4.314,0.000,1,low
1791519703.670112,1791519703.670112,15.437,5.021,0.000,1,low
1791519703.803960,1791519703.803960,14.808,4.391,0.000,1,low
1791519704.005728,1791519704.005728,14.641,4.224,0.000,1,low
1791519704.336409,1791519704.336409,14.958,4.541,0.000,1,low
1791519704.473989,1791519704.473989,15.945,5.529,0.000,1,low
1791519704.603888,1791519704.603888,15.307,4.890,0.000,1,low
1791519704.868739,1791519704.868739,14.671,4.255,0.000,1,low
1791519705.471973,1791519705.471973,15.479,5.062,0.000,1,low
1791519706.205842,1791519706.316812,17.818,16.477,110.970,3,low
1791519707.075343,1791519707.075343,14.635,4.218,0.000,1,low
1791519707.477615,1791519707.477615,14.597,4.180,0.000,1,low
1791519708.276027,1791519708.276027,15.080,4.663,0.000,1,low
1791519708.472558,1791519708.472558,16.285,5.868,0.000,1,low
1791519708.607150,1791519708.607150,14.861,4.445,0.000,1,low
1791519708.842690,1791519708.842690,14.447,4.030,0.000,1,low
1791519709.007001,1791519709.074680,15.480,9.022,67.679,2,low
1791519709.272881,1791519709.272881,16.544,6.127,0.000,1,low
1791519709.473970,1791519709.473970,14.425,4.008,0.000,1,low
1791519709.674072,1791519709.674072,14.631,4.214,0.000,1,low
1791519710.139302,1791519710.139302,15.279,4.863,0.000,1,low
1791519710.539283,1791519710.539283,14.701,4.285,0.000,1,low
1791519711.537697,1791519711.537697,14.676,4.260,0.000,1,low
1791519712.406284,1791519712.406284,14.426,4.009,0.000,1,low
1791519712.541568,1791519712.541568,14.292,3.875,0.000,1,low
1791519712.669570,1791519712.669570,14.505,4.089,0.000,1,low
1791519712.802684,1791519712.802684,14.616,4.199,0.000,1,low
1791519713.005766,1791519713.005766,14.246,3.830,0.000,1,low
1791519713.271845,1791519713.271845,15.245,4.828,0.000,1,low
1791519713.804492,1791519713.804492,14.306,3.889,0.000,1,low
1791519713.938145,1791519714.005684,14.744,8.151,67.539,2,low
1791519714.666610,1791519714.666610,14.423,4.007,0.000,1,low
1791519715.605690,1791519715.605690,14.884,4.467,0.000,1,low
1791519716.135180,1791519716.210674,15.060,8.760,75.494,2,low
1791519716.539766,1791519716.539766,14.472,4.055,0.000,1,low
1791519716.673863,1791519716.807300,15.482,13.331,133.437,3,low
1791519717.539087,1791519717.539087,14.425,4.008,0.000,1,low
1791519718.814815,1791519718.814815,15.191,4.775,0.000,1,low
1791519719.612776,1791519719.648506,15.896,10.831,35.730,2,low
1791519719.811446,1791519719.876947,16.748,11.983,65.501,2,low
1791519720.013405,1791519720.013405,17.224,6.808,0.000,1,low
1791519722.072760,1791519722.072760,14.874,4.458,0.000,1,low
1791519722.867676,1791519722.867676,15.112,4.695,0.000,1,low
1791519724.598658,1791519724.598658,14.705,4.288,0.000,1,low
1791519724.801326,1791519724.801326,14.484,4.067,0.000,1,low
1791519724.966098,1791519724.966098,14.540,4.123,0.000,1,low
1791519725.199280,1791519725.199280,14.469,4.052,0.000,1,low
1791519725.669638,1791519725.669638,15.557,5.141,0.000,1,low
1791519725.801507,1791519725.869371,14.744,8.162,67.864,2,low
1791519727.071159,1791519727.071159,17.087,6.670,0.000,1,low
1791519727.406075,1791519727.406075,17.229,6.812,0.000,1,low
1791519727.536402,1791519727.536402,15.268,4.851,0.000,1,low
1791519727.738418,1791519727.738418,15.741,5.325,0.000,1,low
1791519728.208402,1791519728.208402,14.523,4.106,0.000,1,low
1791519728.538848,1791519728.538848,14.426,4.009,0.000,1,low
1791519728.807505,1791519728.807505,14.892,4.476,0.000,1,low
1791519729.875411,1791519729.875411,14.357,3.940,0.000,1,low
1791519731.015309,1791519731.015309,16.499,6.082,0.000,1,low
1791519731.407774,1791519731.407774,14.400,3.983,0.000,1,low
1791519731.668556,1791519731.668556,14.571,4.154,0.000,1,low
1791519731.807587,1791519731.807587,14.733,4.317,0.000,1,low
1791519732.199874,1791519732.199874,14.520,4.103,0.000,1,low
1791519732.600052,1791519732.600052,14.607,4.191,0.000,1,low
1791519732.998402,1791519733.065724,15.690,9.194,67.322,2,low
1791519733.265463,1791519733.335601,15.373,9.322,70.138,2,low
1791519733.734601,1791519733.797436,14.585,8.063,62.835,2,low
1791519733.897466,1791519733.897466,15.303,4.886,0.000,1,low
1791519734.202271,1791519734.202271,14.689,4.273,0.000,1,low
1791519734.404247,1791519734.534406,17.530,17.402,130.159,3,low
1791519734.667157,1791519734.667157,14.594,4.178,0.000,1,low
1791519735.003652,1791519735.003652,15.453,5.036,0.000,1,low
1791519735.600831,1791519735.600831,16.077,5.661,0.000,1,low
1791519736.003165,1791519736.003165,14.400,3.983,0.000,1,low
1791519736.211382,1791519736.211382,16.337,5.921,0.000,1,low
1791519737.045889,1791519737.045889,15.219,4.802,0.000,1,low
1791519737.208827,1791519737.208827,14.902,4.485,0.000,1,low
1791519737.341229,1791519737.341229,14.124,3.707,0.000,1,low
1791519737.473214,1791519737.473214,14.569,4.153,0.000,1,low
1791519737.678619,1791519737.678619,14.321,3.905,0.000,1,low
1791519737.940044,1791519738.007531,15.094,8.383,67.487,2,low
1791519738.207691,1791519738.273349,14.239,7.555,65.658,2,low
1791519738.407642,1791519738.473738,15.747,9.608,66.096,2,low
1791519738.801099,1791519738.801099,14.859,4.442,0.000,1,low
1791519739.033393,1791519739.068802,14.788,8.343,35.409,2,low
1791519739.372411,1791519739.469673,14.252,7.627,97.262,2,low
1791519739.873054,1791519739.873054,14.433,4.016,0.000,1,low
1791519741.935752,1791519741.935752,16.299,5.883,0.000,1,low
1791519742.597173,1791519742.667243,14.587,7.899,70.070,2,low
1791519742.867703,1791519742.867703,14.758,4.342,0.000,1,low
1791519743.329941,1791519743.470278,16.096,14.801,140.337,3,low
1791519744.004262,1791519744.072685,15.856,9.569,68.423,2,low
1791519744.601948,1791519744.601948,15.164,4.748,0.000,1,low
1791519744.901327,1791519744.901327,15.764,5.347,0.000,1,low
1791519745.876383,1791519745.876383,15.023,4.606,0.000,1,low
1791519747.079213,1791519747.079213,16.426,6.010,0.000,1,low
1791519747.279171,1791519747.279171,15.240,4.824,0.000,1,low
1791519748.146037,1791519748.146037,17.046,6.629,0.000,1,low
1791519748.476171,1791519748.612993,15.684,14.669,136.822,3,low
1791519749.206573,1791519749.272163,16.059,15.411,65.590,3,low
1791519749.466628,1791519749.466628,14.613,4.197,0.000,1,low
1791519749.870453,1791519749.870453,15.238,4.821,0.000,1,low
1791519750.599457,1791519750.599457,14.871,4.454,0.000,1,low
1791519750.739483,1791519750.867072,17.000,15.392,127.589,3,low
1791519751.266613,1791519751.405651,15.670,14.690,139.038,3,low
1791519751.606616,1791519751.606616,14.921,4.504,0.000,1,low
1791519751.735012,1791519751.735012,14.629,4.212,0.000,1,low
1791519751.871250,1791519751.940214,16.564,11.271,68.964,2,low
1791519752.071172,1791519752.071172,15.253,4.837,0.000,1,low
1791519752.203529,1791519752.203529,15.956,5.539,0.000,1,low
1791519752.537939,1791519752.537939,15.925,5.509,0.000,1,low
1791519753.005332,1791519753.075925,15.466,10.051,70.593,2,low
1791519753.206375,1791519753.206375,14.622,4.205,0.000,1,low
1791519753.741695,1791519753.876800,17.692,23.655,135.105,4,low
1791519754.203509,1791519754.203509,14.381,3.964,0.000,1,low
1791519754.474652,1791519754.474652,14.321,3.905,0.000,1,low
1791519754.678411,1791519754.678411,14.315,3.899,0.000,1,low
1791519754.812810,1791519754.812810,14.996,4.579,0.000,1,low
1791519755.006719,1791519755.006719,14.280,3.863,0.000,1,low
1791519755.605307,1791519755.605307,14.344,3.927,0.000,1,low
1791519756.274280,1791519756.274280,15.255,4.838,0.000,1,low
1791519756.405406,1791519756.405406,15.561,5.144,0.000,1,low
1791519756.535274,1791519756.535274,15.140,4.724,0.000,1,low
1791519756.670154,1791519756.738371,15.051,8.651,68.217,2,low
1791519757.072745,1791519757.072745,17.119,6.702,0.000,1,low
1791519757.671246,1791519757.671246,15.100,4.683,0.000,1,low
1791519757.939125,1791519757.939125,16.507,6.090,0.000,1,low
1791519758.204796,1791519758.204796,16.848,6.431,0.000,1,low
1791519758.341983,1791519758.341983,15.409,4.992,0.000,1,low
1791519758.603055,1791519758.670839,15.067,8.891,67.784,2,low
1791519758.874594,1791519758.874594,14.727,4.311,0.000,1,low
1791519759.070369,1791519759.140126,14.810,8.486,69.757,2,low
1791519760.406473,1791519760.406473,14.477,4.060,0.000,1,low
1791519760.542224,1791519760.542224,15.048,4.631,0.000,1,low
1791519761.204425,1791519761.204425,15.236,4.819,0.000,1,low
1791519762.203338,1791519762.203338,16.791,6.374,0.000,1,low
1791519762.940248,1791519762.940248,14.318,3.901,0.000,1,low
1791519763.270194,1791519763.306009,14.579,8.264,35.815,2,low
1791519763.472708,1791519763.472708,14.512,4.096,0.000,1,low
1791519763.605932,1791519763.605932,14.854,4.438,0.000,1,low
1791519764.470598,1791519764.470598,14.327,3.911,0.000,1,low
1791519765.271834,1791519765.271834,14.470,4.053,0.000,1,low
1791519765.539902,1791519765.539902,14.898,4.482,0.000,1,low
1791519765.673839,1791519765.673839,15.846,5.429,0.000,1,low
1791519765.935427,1791519765.935427,14.787,4.370,0.000,1,low
1791519766.201618,1791519766.270114,15.508,9.763,68.496,2,low
1791519766.536454,1791519766.603197,17.240,11.356,66.743,2,low
1791519766.999023,1791519767.067603,15.494,9.730,68.580,2,low
1791519768.435886,1791519768.435886,15.273,4.857,0.000,1,low
1791519770.472978,1791519770.472978,15.849,5.433,0.000,1,low
1791519770.735656,1791519770.735656,15.701,5.284,0.000,1,low
1791519772.070723,1791519772.070723,15.550,5.133,0.000,1,low
1791519772.540218,1791519772.540218,15.655,5.238,0.000,1,low
1791519773.135600,1791519773.135600,16.590,6.174,0.000,1,low
1791519773.472568,1791519773.472568,15.588,5.171,0.000,1,low
1791519774.941679,1791519774.941679,15.909,5.492,0.000,1,low
1791519775.875269,1791519775.875269,17.388,6.971,0.000,1,low
1791519776.008060,1791519776.008060,17.342,6.925,0.000,1,low
1791519776.692517,1791519776.692517,18.681,8.264,0.000,1,low
1791519777.274538,1791519777.274538,17.358,6.942,0.000,1,low
1791519778.012418,1791519778.012418,16.950,6.533,0.000,1,low
1791519778.717328,1791519778.744699,17.912,14.904,27.371,2,low
1791519780.073952,1791519780.073952,16.646,6.229,0.000,1,low
1791519780.409959,1791519780.409959,16.752,6.335,0.000,1,low
1791519780.543562,1791519780.543562,15.989,5.573,0.000,1,low
1791519780.746928,1791519780.746928,17.553,7.136,0.000,1,low
1791519781.611388,1791519781.611388,16.109,5.693,0.000,1,low
1791519782.542756,1791519782.542756,16.572,6.156,0.000,1,low
1791519783.415219,1791519783.415219,16.934,6.518,0.000,1,low
1791519784.745926,1791519784.745926,18.899,8.483,0.000,1,low
1791519785.008502,1791519785.008502,16.830,6.413,0.000,1,low
1791519785.543268,1791519785.543268,15.885,5.468,0.000,1,low
1791519785.744676,1791519785.744676,17.774,7.357,0.000,1,low
1791519786.274869,1791519786.274869,16.141,5.725,0.000,1,low
1791519786.679032,1791519786.679032,16.649,6.233,0.000,1,low
1791519788.174726,1791519788.174726,18.171,7.754,0.000,1,low
1791519793.611855,1791519793.611855,16.980,6.563,0.000,1,low
1791519794.076997,1791519794.119078,17.932,13.693,42.081,2,low
1791519795.409064,1791519795.409064,15.795,5.378,0.000,1,low
1791519796.046599,1791519796.046599,16.075,5.658,0.000,1,low
1791519800.937448,1791519800.937448,17.059,6.643,0.000,1,low
1791519801.205478,1791519801.205478,17.238,6.822,0.000,1,low
1791519803.010905,1791519803.010905,16.816,6.399,0.000,1,low
1791519803.944331,1791519803.944331,16.966,6.550,0.000,1,low
1791519805.074547,1791519805.074547,16.762,6.346,0.000,1,low
1791519806.884498,1791519806.884498,16.654,6.238,0.000,1,low
1791519809.185322,1791519809.185322,16.076,5.659,0.000,1,low
1791519809.614491,1791519809.614491,15.924,5.507,0.000,1,low
1791519810.076638,1791519810.076638,15.576,5.160,0.000,1,low
1791519810.213646,1791519810.279009,16.488,11.280,65.363,2,low
1791519810.547192,1791519810.547192,16.018,5.601,0.000,1,low
1791519810.948716,1791519810.948716,16.705,6.289,0.000,1,low
1791519811.080426,1791519811.080426,16.614,6.197,0.000,1,low
1791519813.403519,1791519813.403519,16.488,6.071,0.000,1,low
1791519813.741955,1791519813.741955,17.925,7.508,0.000,1,low
1791519814.103626,1791519814.103626,16.154,5.738,0.000,1,low
1791519814.341064,1791519814.341064,15.746,5.329,0.000,1,low
1791519814.471067,1791519814.471067,16.672,6.255,0.000,1,low
1791519815.270450,1791519815.340723,15.415,9.780,70.273,2,low
1791519815.474624,1791519815.537020,17.639,12.114,62.396,2,low
1791519815.672344,1791519815.672344,15.810,5.393,0.000,1,low
1791519816.478007,1791519816.478007,15.347,4.930,0.000,1,low
1791519817.474608,1791519817.474608,16.173,5.757,0.000,1,low
1791519817.810955,1791519817.810955,16.994,6.577,0.000,1,low
1791519818.075315,1791519818.075315,14.966,4.549,0.000,1,low
1791519818.373238,1791519818.373238,15.955,5.538,0.000,1,low
1791519819.143331,1791519819.143331,15.366,4.949,0.000,1,low
1791519819.274903,1791519819.274903,15.475,5.059,0.000,1,low
1791519819.746886,1791519819.746886,14.624,4.207,0.000,1,low
1791519820.204888,1791519820.271283,15.454,9.672,66.395,2,low
1791519820.474285,1791519820.474285,14.662,4.245,0.000,1,low
1791519820.600264,1791519820.600264,14.501,4.084,0.000,1,low
1791519820.801868,1791519820.870032,15.136,8.798,68.164,2,low
1791519821.135446,1791519821.135446,15.479,5.062,0.000,1,low
1791519821.801679,1791519821.934616,15.512,14.712,132.937,3,low
1791519822.206082,1791519822.206082,15.853,5.436,0.000,1,low
1791519822.400203,1791519822.400203,15.263,4.846,0.000,1,low
1791519822.537084,1791519822.537084,14.748,4.331,0.000,1,low
1791519822.665360,1791519822.665360,14.493,4.077,0.000,1,low
1791519822.768683,1791519822.804441,15.255,9.493,35.758,2,low
1791519823.267415,1791519823.267415,14.965,4.548,0.000,1,low
1791519823.404948,1791519823.404948,14.788,4.371,0.000,1,low
1791519823.603649,1791519823.603649,15.758,5.341,0.000,1,low
1791519823.807820,1791519823.807820,16.050,5.633,0.000,1,low
1791519824.067924,1791519824.067924,15.102,4.686,0.000,1,low
1791519824.407721,1791519824.474827,15.178,9.348,67.106,2,low
1791519824.811295,1791519824.875424,16.914,11.578,64.129,2,low
1791519825.475616,1791519825.475616,15.330,4.914,0.000,1,low
1791519825.811665,1791519825.811665,15.353,4.936,0.000,1,low
1791519826.605878,1791519826.605878,15.256,4.839,0.000,1,low
1791519827.208367,1791519827.208367,15.872,5.455,0.000,1,low
1791519828.535533,1791519828.535533,15.854,5.437,0.000,1,low
1791519828.667747,1791519828.667747,15.659,5.243,0.000,1,low
1791519828.869328,1791519828.869328,15.366,4.949,0.000,1,low
1791519829.073344,1791519829.073344,16.353,5.936,0.000,1,low
1791519829.536386,1791519829.536386,15.379,4.962,0.000,1,low
1791519831.071004,1791519831.071004,15.373,4.957,0.000,1,low
1791519831.404049,1791519831.404049,15.397,4.980,0.000,1,low
1791519831.866230,1791519831.866230,15.569,5.152,0.000,1,low
1791519832.665947,1791519832.665947,15.395,4.978,0.000,1,low
1791519834.007146,1791519834.007146,18.835,8.419,0.000,1,low
1791519834.136420,1791519834.136420,17.691,7.274,0.000,1,low
1791519835.535480,1791519835.535480,15.891,5.474,0.000,1,low
1791519835.866173,1791519835.866173,14.958,4.541,0.000,1,low
1791519836.469829,1791519836.469829,15.607,5.190,0.000,1,low
1791519836.739542,1791519836.739542,15.408,4.991,0.000,1,low
1791519836.873989,1791519836.938559,16.013,10.298,64.570,2,low
1791519837.071988,1791519837.071988,15.520,5.104,0.000,1,low
1791519837.536336,1791519837.536336,16.008,5.592,0.000,1,low
1791519839.078029,1791519839.138462,15.936,10.937,60.433,2,low
1791519839.878814,1791519839.939759,17.168,11.965,60.945,2,low
1791519841.472938,1791519841.472938,15.206,4.789,0.000,1,low
1791519841.939337,1791519841.939337,15.950,5.534,0.000,1,low
1791519842.409224,1791519842.409224,16.816,6.399,0.000,1,low
1791519842.944876,1791519842.944876,15.484,5.067,0.000,1,low
1791519843.077193,1791519843.077193,14.991,4.574,0.000,1,low
1791519843.412407,1791519843.476635,16.120,10.158,64.228,2,low
1791519843.608960,1791519843.608960,15.814,5.397,0.000,1,low
1791519844.174295,1791519844.174295,14.861,4.445,0.000,1,low
1791519844.672379,1791519844.672379,14.876,4.459,0.000,1,low
1791519845.669582,1791519845.669582,15.969,5.553,0.000,1,low
1791519846.001650,1791519846.001650,16.015,5.599,0.000,1,low
1791519846.136117,1791519846.136117,16.125,5.708,0.000,1,low
1791519846.464549,1791519846.464549,15.252,4.835,0.000,1,low
1791519846.602033,1791519846.804091,18.056,23.121,202.058,4,low
1791519847.600121,1791519847.600121,15.222,4.806,0.000,1,low
1791519847.797481,1791519847.797481,15.340,4.923,0.000,1,low
1791519848.400177,1791519848.400177,15.520,5.104,0.000,1,low
1791519848.673646,1791519848.673646,17.565,7.148,0.000,1,low
1791519848.864947,1791519848.864947,15.548,5.131,0.000,1,low
1791519849.464191,1791519849.464191,15.182,4.765,0.000,1,low
1791519849.603387,1791519849.603387,15.678,5.262,0.000,1,low
1791519849.803835,1791519849.803835,15.259,4.843,0.000,1,low
1791519849.934974,1791519849.997001,15.162,9.214,62.027,2,low
1791519850.269652,1791519850.269652,15.127,4.711,0.000,1,low
1791519850.398177,1791519850.598089,16.239,19.193,199.912,4,low
1791519851.332908,1791519851.402138,15.127,8.878,69.230,2,low
1791519851.735967,1791519851.735967,14.924,4.508,0.000,1,low
1791519851.933394,1791519851.933394,14.898,4.482,0.000,1,low
1791519852.065303,1791519852.137204,15.238,9.254,71.901,2,low
1791519852.337326,1791519852.337326,15.175,4.758,0.000,1,low
1791519852.468238,1791519852.468238,15.397,4.980,0.000,1,low
1791519853.405347,1791519853.405347,16.366,5.949,0.000,1,low
1791519853.735584,1791519853.806724,14.799,8.597,71.140,2,low
1791519853.938443,1791519853.938443,14.853,4.436,0.000,1,low
1791519854.638133,1791519854.638133,14.845,4.428,0.000,1,low
1791519855.343749,1791519855.343749,15.772,5.355,0.000,1,low
1791519855.474571,1791519855.536970,15.095,9.097,62.399,2,low
1791519855.871711,1791519855.940621,16.312,10.103,68.910,2,low
1791519856.069718,1791519856.069718,14.734,4.318,0.000,1,low
1791519856.537027,1791519856.537027,14.772,4.356,0.000,1,low
1791519856.938446,1791519857.007770,15.056,9.217,69.324,2,low
1791519857.136104,1791519857.205862,15.127,9.142,69.758,2,low
1791519857.804897,1791519857.804897,17.108,6.691,0.000,1,low
1791519861.471701,1791519861.471701,15.282,4.865,0.000,1,low
1791519861.806061,1791519861.806061,14.618,4.201,0.000,1,low
1791519862.142323,1791519862.142323,15.443,5.027,0.000,1,low
1791519862.270281,1791519862.270281,15.229,4.813,0.000,1,low
1791519862.870421,1791519862.937200,15.754,9.486,66.779,2,low
1791519864.946512,1791519864.980582,18.432,15.212,34.070,2,low
1791519865.110995,1791519865.182998,16.733,12.033,72.003,2,low
1791519865.458023,1791519865.458023,16.569,6.152,0.000,1,low
1791519865.959510,1791519865.959510,16.911,6.494,0.000,1,low
1791519866.398011,1791519866.398011,19.175,8.758,0.000,1,low
1791519866.593551,1791519866.593551,16.736,6.320,0.000,1,low
1791519868.860155,1791519868.860155,16.441,6.024,0.000,1,low
1791519869.323654,1791519869.419161,16.748,12.341,95.507,2,low
1791519869.948608,1791519870.045098,16.720,18.415,96.490,3,low
1791519871.077149,1791519871.077149,16.433,6.017,0.000,1,low
1791519871.543863,1791519871.543863,15.934,5.517,0.000,1,low
1791519871.811352,1791519871.878253,16.258,11.510,66.901,2,low
1791519872.809144,1791519872.809144,15.796,5.379,0.000,1,low
1791519873.009879,1791519873.009879,15.804,5.388,0.000,1,low
1791519874.415711,1791519874.415711,16.663,6.246,0.000,1,low
1791519874.743497,1791519874.743497,15.493,5.076,0.000,1,low
1791519874.874809,1791519874.874809,15.972,5.555,0.000,1,low
1791519875.943563,1791519875.943563,16.196,5.779,0.000,1,low
1791519876.883615,1791519876.883615,17.205,6.789,0.000,1,low
1791519877.943258,1791519877.943258,16.406,5.989,0.000,1,low
1791519880.609304,1791519880.678291,17.122,13.266,68.987,2,low
1791519880.804583,1791519880.804583,16.393,5.976,0.000,1,low
1791519881.880307,1791519881.880307,16.921,6.505,0.000,1,low
1791519882.148091,1791519882.148091,17.915,7.499,0.000,1,low
1791519882.948544,1791519882.948544,17.133,6.716,0.000,1,low
1791519883.610450,1791519883.610450,18.713,8.296,0.000,1,low
1791519885.345138,1791519885.345138,17.951,7.534,0.000,1,low
1791519885.611616,1791519885.611616,16.658,6.241,0.000,1,low
1791519885.947060,1791519885.947060,17.229,6.812,0.000,1,low
1791519886.346141,1791519886.346141,17.739,7.323,0.000,1,low
1791519887.944312,1791519887.944312,15.662,5.245,0.000,1,low
1791519888.615808,1791519888.615808,15.945,5.529,0.000,1,low
1791519888.951116,1791519888.951116,16.463,6.046,0.000,1,low
1791519890.553690,1791519890.553690,17.092,6.676,0.000,1,low
1791519891.619362,1791519891.619362,16.826,6.410,0.000,1,low
1791519893.944751,1791519893.944751,17.212,6.796,0.000,1,low
1791519894.148405,1791519894.148405,16.729,6.312,0.000,1,low
1791519894.347042,1791519894.347042,16.832,6.416,0.000,1,low
1791519894.881603,1791519895.011000,18.851,30.017,129.397,4,low
1791519896.275241,1791519896.348182,16.620,12.253,72.941,2,low
1791519896.541055,1791519896.541055,16.589,6.172,0.000,1,low
1791519897.745007,1791519897.878527,16.229,16.938,133.520,3,low
1791519898.342928,1791519898.342928,15.824,5.408,0.000,1,low
1791519899.206782,1791519899.206782,15.709,5.293,0.000,1,low
1791519899.537194,1791519899.676779,16.945,17.935,139.585,3,low
1791519900.339058,1791519900.339058,16.071,5.655,0.000,1,low
1791519900.476925,1791519900.476925,16.438,6.022,0.000,1,low
1791519900.676342,1791519900.676342,16.208,5.791,0.000,1,low
1791519900.876003,1791519900.876003,17.312,6.895,0.000,1,low
1791519901.474910,1791519901.474910,16.438,6.022,0.000,1,low
1791519901.876305,1791519901.876305,16.896,6.480,0.000,1,low
1791519902.341199,1791519902.341199,16.235,5.819,0.000,1,low
1791519903.475147,1791519903.475147,15.317,4.901,0.000,1,low
1791519903.609381,1791519903.672834,15.568,10.124,63.453,2,low
1791519903.803967,1791519903.803967,15.803,5.386,0.000,1,low
1791519904.070852,1791519904.070852,15.544,5.128,0.000,1,low
1791519904.734600,1791519904.734600,15.957,5.541,0.000,1,low
1791519904.873682,1791519904.873682,15.623,5.206,0.000,1,low
1791519905.402767,1791519905.475709,15.322,9.475,72.942,2,low
1791519905.740092,1791519905.740092,15.949,5.532,0.000,1,low
1791519905.873032,1791519905.873032,16.312,5.896,0.000,1,low
1791519907.144332,1791519907.144332,17.019,6.602,0.000,1,low
1791519907.339123,1791519907.339123,15.818,5.402,0.000,1,low
1791519907.674790,1791519907.674790,15.531,5.114,0.000,1,low
1791519907.941727,1791519907.941727,16.457,6.041,0.000,1,low
1791519909.403365,1791519909.403365,15.449,5.033,0.000,1,low
1791519909.606100,1791519909.606100,17.203,6.786,0.000,1,low
1791519909.806246,1791519909.806246,14.636,4.219,0.000,1,low
1791519910.608889,1791519910.670714,16.431,10.173,61.825,2,low
1791519910.804064,1791519910.872844,14.556,8.114,68.780,2,low
1791519911.010407,1791519911.203077,16.683,16.057,192.670,3,low
1791519911.403440,1791519911.473743,15.462,9.537,70.303,2,low
1791519911.837593,1791519911.837593,15.665,5.249,0.000,1,low
1791519912.205374,1791519912.274669,15.880,10.882,69.295,2,low
1791519912.471625,1791519912.471625,15.633,5.217,0.000,1,low
1791519912.877029,1791519912.877029,15.108,4.692,0.000,1,low
1791519913.007022,1791519913.007022,16.160,5.744,0.000,1,low
1791519913.477587,1791519913.477587,16.565,6.149,0.000,1,low
1791519913.872747,1791519913.872747,15.303,4.886,0.000,1,low
1791519914.443045,1791519914.443045,15.353,4.936,0.000,1,low
1791519914.811187,1791519914.811187,16.158,5.741,0.000,1,low
1791519915.012886,1791519915.012886,16.545,6.128,0.000,1,low
1791519915.938475,1791519916.012158,17.699,12.259,73.683,2,low
1791519916.537313,1791519916.537313,15.856,5.440,0.000,1,low
1791519917.671976,1791519917.671976,15.048,4.631,0.000,1,low
1791519918.643699,1791519918.643699,17.637,7.221,0.000,1,low
1791519918.868038,1791519918.868038,15.049,4.632,0.000,1,low
1791519919.468378,1791519919.468378,15.290,4.873,0.000,1,low
1791519920.462609,1791519920.533541,15.592,10.238,70.932,2,low
1791519921.532346,1791519921.532346,14.808,4.391,0.000,1,low
1791519922.533176,1791519922.533176,15.442,5.025,0.000,1,low
1791519922.728739,1791519922.728739,15.133,4.717,0.000,1,low
1791519922.866742,1791519922.866742,16.090,5.674,0.000,1,low
1791519923.933133,1791519923.933133,14.886,4.470,0.000,1,low
1791519924.327629,1791519924.327629,14.553,4.136,0.000,1,low
1791519924.964058,1791519925.039938,15.626,13.890,75.880,3,low
1791519925.141582,1791519925.141582,15.885,5.468,0.000,1,low
1791519925.428558,1791519925.465197,15.708,10.519,36.639,2,low
1791519925.891375,1791519925.891375,15.227,4.810,0.000,1,low
1791519926.193599,1791519926.257482,15.570,9.888,63.883,2,low
1791519926.595331,1791519926.595331,15.164,4.748,0.000,1,low
1791519926.796352,1791519926.867013,15.423,9.711,70.661,2,low
1791519926.999546,1791519927.062064,14.908,8.829,62.518,2,low
1791519927.197913,1791519927.327322,15.402,14.500,129.409,3,low
1791519927.463965,1791519927.531311,14.990,8.934,67.346,2,low
1791519927.863250,1791519927.863250,14.838,4.421,0.000,1,low
1791519927.994998,1791519927.994998,15.328,4.911,0.000,1,low
1791519928.200109,1791519928.200109,15.976,5.560,0.000,1,low
1791519928.395086,1791519928.395086,15.585,5.168,0.000,1,low
1791519928.798010,1791519928.798010,14.997,4.580,0.000,1,low
1791519928.991762,1791519929.057217,15.472,10.077,65.455,2,low
1791519929.594823,1791519929.657340,15.661,10.007,62.517,2,low
1791519929.947435,1791519929.947435,17.595,7.178,0.000,1,low
1791519930.540060,1791519930.540060,15.357,4.940,0.000,1,low
1791519930.673403,1791519930.673403,15.691,5.275,0.000,1,low
1791519931.134767,1791519931.134767,15.678,5.262,0.000,1,low
1791519931.739930,1791519931.801039,15.049,8.992,61.109,2,low
1791519931.935912,1791519931.935912,15.105,4.688,0.000,1,low
1791519932.138234,1791519932.138234,14.720,4.304,0.000,1,low
1791519932.404186,1791519932.471158,14.680,8.519,66.972,2,low
1791519932.600976,1791519932.670722,15.051,9.167,69.746,2,low
1791519933.408002,1791519933.474639,14.968,8.351,66.637,2,low
1791519933.606745,1791519933.606745,14.679,4.262,0.000,1,low
1791519933.803100,1791519933.870710,14.826,8.432,67.610,2,low
1791519934.135647,1791519934.135647,14.405,3.989,0.000,1,low
1791519934.608691,1791519934.608691,15.208,4.791,0.000,1,low
1791519934.736657,1791519934.736657,15.653,5.237,0.000,1,low
1791519934.939245,1791519934.939245,15.678,5.262,0.000,1,low
1791519935.138918,1791519935.138918,14.740,4.324,0.000,1,low
1791519935.469154,1791519935.469154,14.639,4.223,0.000,1,low
1791519936.075817,1791519936.075817,16.248,5.832,0.000,1,low
1791519936.268669,1791519936.268669,14.185,3.768,0.000,1,low
1791519936.407915,1791519936.474286,14.624,8.215,66.371,2,low
1791519936.671764,1791519936.739515,14.775,8.410,67.751,2,low
1791519936.942547,1791519937.208899,16.052,23.860,266.352,5,low
1791519937.337165,1791519937.337165,14.301,3.884,0.000,1,low
1791519937.606629,1791519937.606629,14.772,4.356,0.000,1,low
1791519938.073705,1791519938.073705,16.042,5.625,0.000,1,low
1791519938.207148,1791519938.207148,14.433,4.016,0.000,1,low
1791519938.569579,1791519938.569579,14.115,3.698,0.000,1,low
1791519938.802291,1791519938.802291,14.435,4.019,0.000,1,low
1791519939.273715,1791519939.273715,14.638,4.222,0.000,1,low
1791519939.407096,1791519939.473896,14.181,7.489,66.800,2,low
1791519939.737274,1791519939.737274,14.866,4.450,0.000,1,low
1791519939.936022,1791519939.936022,14.724,4.307,0.000,1,low
1791519940.138364,1791519940.138364,14.348,3.932,0.000,1,low
1791519940.604316,1791519940.604316,14.391,3.975,0.000,1,low
1791519942.131755,1791519942.198591,15.537,9.160,66.836,2,low
1791519942.604828,1791519942.604828,14.417,4.001,0.000,1,low
1791519942.937626,1791519943.000309,15.678,9.182,62.683,2,low
1791519943.935298,1791519943.935298,14.769,4.352,0.000,1,low
1791519944.069351,1791519944.069351,14.772,4.356,0.000,1,low
1791519944.401868,1791519944.468485,14.619,8.074,66.617,2,low
1791519944.604433,1791519944.670501,16.221,9.679,66.068,2,low
1791519944.871897,1791519944.871897,14.872,4.455,0.000,1,low
1791519945.073591,1791519945.206747,14.516,11.786,133.156,3,low
1791519945.405218,1791519945.405218,14.622,4.205,0.000,1,low
1791519946.072489,1791519946.202353,14.908,12.635,129.864,3,low
1791519946.603562,1791519946.603562,15.027,4.610,0.000,1,low
1791519947.340725,1791519947.340725,15.853,5.436,0.000,1,low
1791519947.802694,1791519947.802694,14.288,3.871,0.000,1,low
1791519947.936644,1791519947.936644,14.476,4.059,0.000,1,low
1791519948.074519,1791519948.074519,14.331,3.914,0.000,1,low
1791519949.008387,1791519949.008387,14.713,4.296,0.000,1,low
1791519949.269134,1791519949.269134,14.371,3.954,0.000,1,low
1791519949.407166,1791519949.407166,14.053,3.636,0.000,1,low
1791519950.069247,1791519950.069247,14.514,4.097,0.000,1,low
1791519950.604955,1791519950.604955,14.730,4.313,0.000,1,low
1791519952.338351,1791519952.338351,14.287,3.870,0.000,1,low
1791519952.469794,1791519952.469794,15.610,5.193,0.000,1,low
1791519952.870485,1791519952.870485,14.953,4.536,0.000,1,low
1791519953.667982,1791519953.667982,14.554,4.137,0.000,1,low
1791519954.404746,1791519954.404746,14.911,4.495,0.000,1,low
1791519954.665889,1791519954.665889,14.584,4.167,0.000,1,low
1791519954.768807,1791519954.868073,16.995,11.105,99.266,2,low
1791519955.076585,1791519955.076585,15.292,4.876,0.000,1,low
1791519955.471966,1791519955.545449,14.895,8.640,73.483,2,low
1791519955.808196,1791519955.875296,14.855,8.742,67.100,2,low
1791519956.346533,1791519956.346533,15.391,4.974,0.000,1,low
1791519957.808753,1791519957.808753,14.163,3.747,0.000,1,low
1791519958.077773,1791519958.077773,16.115,5.699,0.000,1,low
1791519958.382779,1791519958.382779,15.763,5.346,0.000,1,low
1791519958.611187,1791519958.645294,14.335,7.783,34.107,2,low
1791519959.407778,1791519959.442944,15.018,9.145,35.166,2,low
1791519959.574333,1791519959.574333,14.522,4.105,0.000,1,low
1791519959.740208,1791519959.740208,15.054,4.637,0.000,1,low
1791519959.872929,1791519959.872929,15.300,4.883,0.000,1,low
1791519960.209299,1791519960.209299,14.972,4.555,0.000,1,low
1791519960.843675,1791519960.843675,14.189,3.773,0.000,1,low
1791519961.038335,1791519961.038335,14.391,3.975,0.000,1,low
1791519961.142249,1791519961.142249,14.211,3.794,0.000,1,low
1791519961.277682,1791519961.343019,14.515,7.935,65.337,2,low
1791519962.139282,1791519962.139282,14.116,3.699,0.000,1,low
1791519962.444435,1791519962.444435,16.589,6.172,0.000,1,low
1791519962.671287,1791519962.671287,15.617,5.200,0.000,1,low
1791519963.008132,1791519963.008132,14.453,4.036,0.000,1,low
1791519963.208713,1791519963.208713,15.245,4.828,0.000,1,low
1791519963.403430,1791519963.403430,14.024,3.608,0.000,1,low
1791519963.934788,1791519964.000687,15.526,9.845,65.899,2,low
1791519964.137058,1791519964.206253,17.370,10.827,69.195,2,low
1791519964.402478,1791519964.402478,14.877,4.460,0.000,1,low
1791519964.531405,1791519964.531405,15.231,4.814,0.000,1,low
1791519964.697031,1791519964.697031,14.841,4.425,0.000,1,low
1791519964.936022,1791519965.066736,16.052,13.832,130.714,3,low
1791519965.197131,1791519965.197131,14.332,3.915,0.000,1,low
1791519966.397126,1791519966.464521,15.651,9.605,67.395,2,low
1791519966.597996,1791519966.597996,15.148,4.731,0.000,1,low
1791519967.869919,1791519967.869919,16.441,6.024,0.000,1,low
1791519968.731929,1791519968.731929,14.486,4.070,0.000,1,low
1791519968.932405,1791519968.932405,16.337,5.921,0.000,1,low
1791519969.467059,1791519969.501464,14.800,8.529,34.405,2,low
1791519969.663153,1791519969.663153,14.450,4.033,0.000,1,low
1791519970.399575,1791519970.399575,14.343,3.926,0.000,1,low
1791519970.603031,1791519970.603031,17.322,6.905,0.000,1,low
1791519970.997570,1791519971.064382,15.196,8.802,66.812,2,low
1791519971.336241,1791519971.402942,15.564,9.101,66.701,2,low
1791519971.569392,1791519971.569392,14.434,4.017,0.000,1,low
1791519974.467839,1791519974.467839,15.057,4.641,0.000,1,low
1791519975.067148,1791519975.067148,14.994,4.578,0.000,1,low
1791519975.263021,1791519975.263021,14.958,4.541,0.000,1,low
1791519975.601457,1791519975.601457,15.105,4.688,0.000,1,low
1791519975.834642,1791519975.834642,14.281,3.864,0.000,1,low
1791519977.537179,1791519977.537179,14.610,4.193,0.000,1,low
1791519977.872232,1791519977.872232,14.066,3.649,0.000,1,low
1791519978.069041,1791519978.069041,14.407,3.990,0.000,1,low
1791519978.272588,1791519978.272588,15.703,5.287,0.000,1,low
1791519978.874386,1791519978.874386,15.969,5.553,0.000,1,low
1791519979.333460,1791519979.333460,14.439,4.022,0.000,1,low
1791519979.640160,1791519979.676298,15.529,9.052,36.138,2,low
1791519980.006167,1791519980.006167,15.672,5.256,0.000,1,low
1791519980.202034,1791519980.202034,15.224,4.807,0.000,1,low
1791519981.733497,1791519981.733497,14.458,4.041,0.000,1,low
1791519982.067894,1791519982.067894,14.658,4.242,0.000,1,low
1791519982.865849,1791519982.865849,16.332,5.916,0.000,1,low
1791519983.066523,1791519983.066523,15.334,4.917,0.000,1,low
1791519984.998466,1791519984.998466,15.400,4.984,0.000,1,low
1791519985.519733,1791519985.519733,15.406,4.990,0.000,1,low
1791519985.655223,1791519985.655223,15.354,4.938,0.000,1,low
1791519986.660572,1791519986.727023,16.011,10.806,66.451,2,low
1791519988.090607,1791519988.090607,15.750,5.333,0.000,1,low
1791519988.485826,1791519988.592894,15.279,13.687,107.068,3,low
1791519989.612546,1791519989.612546,17.070,6.653,0.000,1,low
1791519990.477904,1791519990.477904,15.853,5.436,0.000,1,low
1791519990.807685,1791519990.807685,15.336,4.920,0.000,1,low
1791519990.943597,1791519990.943597,15.960,5.543,0.000,1,low
1791519992.080639,1791519992.080639,16.418,6.001,0.000,1,low
1791519993.209312,1791519993.209312,15.883,5.466,0.000,1,low
1791519993.407109,1791519993.407109,16.253,5.836,0.000,1,low
1791519993.574095,1791519993.574095,16.315,5.898,0.000,1,low
1791519994.408513,1791519994.408513,16.100,5.683,0.000,1,low
1791519995.207611,1791519995.207611,15.728,5.312,0.000,1,low
1791519996.210491,1791519996.210491,15.972,5.555,0.000,1,low
1791519996.406686,1791519996.406686,16.284,5.867,0.000,1,low
1791519997.009000,1791519997.009000,15.399,4.983,0.000,1,low
1791519997.609465,1791519997.609465,15.400,4.984,0.000,1,low
1791519998.009532,1791519998.009532,15.144,4.727,0.000,1,low
1791519999.475969,1791519999.475969,15.189,4.773,0.000,1,low
1791520000.011648,1791520000.075898,16.195,10.494,64.250,2,low
1791520000.674632,1791520000.674632,16.597,6.181,0.000,1,low
1791520001.873285,1791520001.873285,15.397,4.980,0.000,1,low
1791520002.206416,1791520002.206416,16.198,5.782,0.000,1,low
1791520003.072557,1791520003.140159,16.921,12.952,67.602,2,low
1791520004.211732,1791520004.211732,17.316,6.899,0.000,1,low
1791520005.738056,1791520005.738056,18.035,7.618,0.000,1,low
1791520007.535698,1791520007.535698,16.121,5.705,0.000,1,low
1791520007.666337,1791520007.666337,16.317,5.900,0.000,1,low
1791520007.871610,1791520007.871610,16.076,5.659,0.000,1,low
1791520008.270378,1791520008.270378,15.678,5.262,0.000,1,low
1791520008.465822,1791520008.465822,15.650,5.233,0.000,1,low
1791520008.638952,1791520008.733495,16.172,10.874,94.543,2,low
1791520009.872290,1791520009.872290,17.881,7.464,0.000,1,low
1791520010.071354,1791520010.071354,16.930,6.513,0.000,1,low
1791520010.271795,1791520010.271795,18.812,8.395,0.000,1,low
1791520010.667777,1791520010.667777,15.806,5.390,0.000,1,low
1791520010.869491,1791520010.869491,16.083,5.667,0.000,1,low
1791520012.735516,1791520012.735516,17.522,7.106,0.000,1,low
1791520012.870797,1791520012.870797,16.177,5.760,0.000,1,low
1791520014.872210,1791520014.872210,17.781,7.364,0.000,1,low
1791520015.806943,1791520015.806943,17.881,7.464,0.000,1,low
1791520015.948271,1791520015.948271,21.446,11.030,0.000,1,low
1791520016.545268,1791520016.545268,17.816,7.399,0.000,1,low
1791520017.346418,1791520017.346418,18.097,7.680,0.000,1,low
1791520017.551789,1791520017.551789,18.797,8.381,0.000,1,low
1791520018.809021,1791520018.809021,17.976,7.559,0.000,1,low
1791520020.315762,1791520020.315762,18.527,8.110,0.000,1,low
1791520021.685038,1791520021.685038,18.453,8.036,0.000,1,low
1791520023.352855,1791520023.352855,18.889,8.472,0.000,1,low
1791520026.879183,1791520026.879183,18.594,8.178,0.000,1,low
1791520028.675774,1791520028.675774,16.850,6.434,0.000,1,low
1791520029.408560,1791520029.408560,17.427,7.011,0.000,1,low
1791520030.476708,1791520030.476708,18.043,7.627,0.000,1,low
1791520032.473353,1791520032.473353,16.679,6.263,0.000,1,low
1791520033.613127,1791520033.613127,19.024,8.607,0.000,1,low
1791520034.277310,1791520034.277310,19.396,8.979,0.000,1,low
1791520038.073268,1791520038.073268,17.249,6.832,0.000,1,low
1791520038.810368,1791520038.810368,16.004,5.587,0.000,1,low
1791520039.144838,1791520039.178745,17.263,13.109,33.907,2,low
1791520040.737642,1791520040.804785,16.578,11.579,67.143,2,low
1791520041.041246,1791520041.109577,16.268,10.882,68.331,2,low
1791520042.868233,1791520042.868233,15.400,4.984,0.000,1,low
1791520043.934079,1791520043.934079,14.635,4.218,0.000,1,low
1791520044.461857,1791520044.461857,15.600,5.183,0.000,1,low
1791520044.829058,1791520044.924369,16.321,10.082,95.311,2,low
1791520045.032885,1791520045.032885,16.809,6.392,0.000,1,low
1791520045.274262,1791520045.274262,15.631,5.214,0.000,1,low
1791520045.512990,1791520045.612357,15.557,9.584,99.367,2,low
1791520048.415637,1791520048.415637,15.390,4.973,0.000,1,low
1791520049.115877,1791520049.115877,16.062,5.645,0.000,1,low
1791520049.341088,1791520049.341088,16.279,5.862,0.000,1,low
1791520050.271393,1791520050.271393,16.012,5.595,0.000,1,low
1791520051.137851,1791520051.137851,15.412,4.996,0.000,1,low
1791520051.241960,1791520051.334919,15.637,10.300,92.959,2,low
1791520051.671672,1791520051.739086,15.529,9.605,67.414,2,low
1791520051.936765,1791520051.936765,15.846,5.429,0.000,1,low
1791520052.338854,1791520052.399432,15.674,10.356,60.578,2,low
1791520052.802242,1791520052.802242,14.814,4.397,0.000,1,low
1791520052.998719,1791520052.998719,14.693,4.276,0.000,1,low
1791520053.468253,1791520053.537997,16.476,10.374,69.744,2,low
1791520053.872054,1791520053.872054,14.814,4.397,0.000,1,low
1791520054.003090,1791520054.003090,15.092,4.675,0.000,1,low
1791520054.265842,1791520054.265842,14.673,4.256,0.000,1,low
1791520054.599402,1791520054.599402,14.903,4.486,0.000,1,low
1791520055.532293,1791520055.532293,15.018,4.602,0.000,1,low
1791520055.665006,1791520055.735201,16.037,10.225,70.195,2,low
1791520055.999311,1791520055.999311,15.655,5.238,0.000,1,low
1791520056.231908,1791520056.231908,15.651,5.234,0.000,1,low
1791520056.397693,1791520056.397693,14.338,3.921,0.000,1,low
1791520056.997956,1791520056.997956,15.347,4.930,0.000,1,low
1791520057.465727,1791520057.465727,14.244,3.827,0.000,1,low
1791520058.264764,1791520058.264764,14.364,3.947,0.000,1,low
1791520058.534708,1791520058.534708,15.294,4.877,0.000,1,low
1791520058.665333,1791520058.665333,14.454,4.038,0.000,1,low
1791520058.936870,1791520058.936870,14.980,4.564,0.000,1,low
1791520059.797457,1791520059.865176,14.742,8.379,67.719,2,low
1791520060.266932,1791520060.266932,15.890,5.473,0.000,1,low
1791520060.467679,1791520060.467679,15.897,5.480,0.000,1,low
1791520061.129668,1791520061.261651,16.669,14.960,131.983,3,low
1791520061.599504,1791520061.599504,14.895,4.478,0.000,1,low
1791520061.863310,1791520061.863310,15.098,4.681,0.000,1,low
1791520062.265452,1791520062.265452,14.971,4.554,0.000,1,low
1791520062.798972,1791520062.798972,15.206,4.789,0.000,1,low
1791520062.935309,1791520062.935309,15.754,5.338,0.000,1,low
1791520064.135872,1791520064.135872,14.874,4.458,0.000,1,low
1791520064.268484,1791520064.268484,16.641,6.225,0.000,1,low
1791520064.598524,1791520064.730826,16.521,14.807,132.302,3,low
1791520065.335080,1791520065.335080,16.741,6.324,0.000,1,low
1791520066.538953,1791520066.599278,14.954,8.810,60.325,2,low
1791520066.803178,1791520066.803178,14.829,4.413,0.000,1,low
1791520067.133778,1791520067.133778,15.322,4.905,0.000,1,low
1791520067.271428,1791520067.271428,16.065,5.649,0.000,1,low
1791520069.332293,1791520069.371098,15.338,9.395,38.805,2,low
1791520069.997468,1791520069.997468,14.573,4.156,0.000,1,low
1791520070.331949,1791520070.398691,14.719,8.460,66.742,2,low
1791520070.598790,1791520070.598790,15.355,4.939,0.000,1,low
1791520070.864743,1791520070.864743,14.306,3.889,0.000,1,low
1791520071.263599,1791520071.263599,14.953,4.536,0.000,1,low
1791520071.460445,1791520071.460445,14.795,4.378,0.000,1,low
1791520071.593488,1791520071.593488,14.414,3.997,0.000,1,low
1791520072.129599,1791520072.129599,15.088,4.672,0.000,1,low
1791520072.260234,1791520072.260234,16.125,5.708,0.000,1,low
1791520072.696048,1791520072.696048,14.732,4.315,0.000,1,low
1791520073.864244,1791520073.864244,14.772,4.356,0.000,1,low
1791520074.729574,1791520074.729574,15.508,5.092,0.000,1,low
1791520075.798836,1791520075.798836,15.659,5.243,0.000,1,low
1791520076.673135,1791520076.705407,16.704,12.288,32.272,2,low
1791520077.472115,1791520077.472115,14.782,4.365,0.000,1,low
1791520077.800153,1791520077.800153,15.069,4.653,0.000,1,low
1791520078.537088,1791520078.537088,14.810,4.394,0.000,1,low
1791520079.537370,1791520079.537370,15.975,5.558,0.000,1,low
1791520081.007853,1791520081.007853,15.719,5.302,0.000,1,low
1791520081.603796,1791520081.603796,15.687,5.270,0.000,1,low
1791520081.870414,1791520081.870414,14.686,4.269,0.000,1,low
1791520082.006860,1791520082.006860,14.642,4.225,0.000,1,low
1791520082.603660,1791520082.603660,14.762,4.345,0.000,1,low
1791520082.805985,1791520082.872830,15.102,8.596,66.845,2,low
1791520083.066642,1791520083.066642,14.335,3.919,0.000,1,low
1791520083.801657,1791520083.801657,14.454,4.038,0.000,1,low
1791520084.672054,1791520084.672054,14.535,4.118,0.000,1,low
1791520084.839699,1791520084.935165,15.259,12.744,95.466,3,low
1791520085.204486,1791520085.204486,14.436,4.020,0.000,1,low
1791520085.337693,1791520085.337693,14.432,4.015,0.000,1,low
1791520086.075075,1791520086.075075,14.774,4.357,0.000,1,low
1791520086.803440,1791520086.803440,14.440,4.023,0.000,1,low
1791520087.479137,1791520087.479137,16.377,5.960,0.000,1,low
1791520088.201561,1791520088.201561,14.702,4.286,0.000,1,low
1791520088.401435,1791520088.401435,14.292,3.875,0.000,1,low
1791520088.604404,1791520088.673077,16.802,11.692,68.673,2,low
1791520089.473181,1791520089.473181,14.444,4.027,0.000,1,low
1791520089.605955,1791520089.605955,14.812,4.395,0.000,1,low
1791520089.739365,1791520089.769723,15.342,8.891,30.358,2,low
1791520089.877990,1791520089.938387,17.799,12.232,60.397,2,low
1791520090.134762,1791520090.134762,14.727,4.311,0.000,1,low
1791520090.307977,1791520090.405718,14.768,8.508,97.741,2,low
1791520090.534628,1791520090.675886,15.846,16.202,141.258,3,low
1791520091.003434,1791520091.072545,15.825,10.364,69.111,2,low
1791520091.205020,1791520091.276229,16.278,11.429,71.209,2,low
1791520091.539501,1791520091.608956,15.377,9.278,69.455,2,low
1791520091.744201,1791520091.874109,15.919,15.549,129.908,3,low
1791520092.137328,1791520092.137328,14.930,4.514,0.000,1,low
1791520092.671409,1791520092.740532,15.612,10.013,69.123,2,low
1791520093.135611,1791520093.135611,15.382,4.965,0.000,1,low
1791520093.269800,1791520093.269800,14.465,4.048,0.000,1,low
1791520093.470564,1791520093.470564,14.975,4.559,0.000,1,low
1791520095.003355,1791520095.071213,14.713,8.576,67.858,2,low
1791520095.672371,1791520095.672371,14.520,4.103,0.000,1,low
1791520095.867835,1791520095.867835,15.701,5.284,0.000,1,low
1791520096.001126,1791520096.001126,15.757,5.340,0.000,1,low
1791520096.669538,1791520096.669538,15.201,4.784,0.000,1,low
1791520096.862301,1791520096.862301,14.385,3.969,0.000,1,low
1791520097.062608,1791520097.062608,14.742,4.325,0.000,1,low
1791520097.299615,1791520097.299615,14.352,3.935,0.000,1,low
1791520098.260366,1791520098.260366,15.041,4.624,0.000,1,low
1791520098.995532,1791520098.995532,14.972,4.555,0.000,1,low
1791520104.936723,1791520105.178398,16.398,26.361,241.675,5,low
1791520105.743800,1791520105.942878,17.305,20.476,199.078,4,low
1791520106.144376,1791520106.144376,14.927,4.510,0.000,1,low
1791520106.343477,1791520106.343477,16.000,5.583,0.000,1,low
1791520106.711544,1791520106.711544,15.995,5.579,0.000,1,low
1791520107.079995,1791520107.184090,16.679,20.783,104.095,4,low
1791520107.409341,1791520107.409341,15.196,4.780,0.000,1,low
1791520107.910985,1791520107.910985,15.158,4.742,0.000,1,low
1791520108.275760,1791520108.275760,15.051,4.635,0.000,1,low
1791520108.414529,1791520108.512578,15.917,10.057,98.049,2,low
1791520108.709817,1791520108.709817,14.642,4.225,0.000,1,low
1791520108.879635,1791520108.943445,15.991,9.866,63.810,2,low
1791520109.136408,1791520109.136408,15.333,4.916,0.000,1,low
1791520109.268329,1791520109.330188,16.739,11.366,61.859,2,low
1791520109.459100,1791520109.459100,15.330,4.914,0.000,1,low
1791520110.017098,1791520110.017098,15.998,5.581,0.000,1,low
1791520110.211413,1791520110.211413,14.872,4.455,0.000,1,low
1791520110.946897,1791520110.946897,14.438,4.021,0.000,1,low
1791520111.142900,1791520111.281240,15.137,13.511,138.340,3,low
1791520111.410079,1791520111.410079,14.943,4.527,0.000,1,low
1791520111.882294,1791520111.882294,15.224,4.807,0.000,1,low
1791520112.144670,1791520112.144670,15.114,4.698,0.000,1,low
1791520112.480982,1791520112.480982,16.570,6.153,0.000,1,low
1791520112.810991,1791520112.810991,15.421,5.004,0.000,1,low
1791520112.942283,1791520112.942283,15.581,5.164,0.000,1,low
1791520113.208786,1791520113.208786,14.934,4.517,0.000,1,low
1791520113.411872,1791520113.411872,14.660,4.243,0.000,1,low
1791520113.737155,1791520113.737155,15.006,4.590,0.000,1,low
1791520114.011692,1791520114.207870,15.849,19.691,196.178,4,low
1791520114.906853,1791520114.947111,16.163,11.479,40.258,2,low
1791520115.178624,1791520115.247306,17.262,13.165,68.682,2,low
1791520115.608014,1791520115.608014,15.717,5.301,0.000,1,low
1791520116.408007,1791520116.408007,16.083,5.667,0.000,1,low
1791520117.912737,1791520118.009339,16.276,16.609,96.602,3,low
1791520118.139485,1791520118.139485,16.052,5.636,0.000,1,low
1791520118.345329,1791520118.377737,16.078,11.073,32.408,2,low
1791520118.808036,1791520118.808036,15.437,5.021,0.000,1,low
1791520119.076015,1791520119.076015,17.085,6.669,0.000,1,low
1791520120.074655,1791520120.074655,16.138,5.721,0.000,1,low
1791520120.271327,1791520120.271327,14.835,4.419,0.000,1,low
1791520120.472407,1791520120.472407,14.758,4.342,0.000,1,low
1791520120.874577,1791520120.874577,15.596,5.180,0.000,1,low
1791520121.271762,1791520121.271762,14.954,4.537,0.000,1,low
1791520121.674183,1791520121.674183,14.383,3.966,0.000,1,low
1791520121.872486,1791520121.872486,14.414,3.997,0.000,1,low
1791520122.066704,1791520122.066704,14.867,4.451,0.000,1,low
1791520122.335325,1791520122.403942,14.941,8.601,68.617,2,low
1791520122.807318,1791520122.807318,14.593,4.176,0.000,1,low
1791520122.941174,1791520123.001611,14.402,7.796,60.437,2,low
1791520123.806394,1791520124.004502,15.068,17.094,198.108,4,low
1791520124.472500,1791520124.472500,15.089,4.673,0.000,1,low
1791520124.869361,1791520124.869361,15.172,4.756,0.000,1,low
1791520126.478341,1791520126.478341,16.958,6.542,0.000,1,low
1791520126.847476,1791520126.872383,16.666,11.534,24.907,2,low
1791520127.603050,1791520127.603050,15.365,4.948,0.000,1,low
1791520128.674965,1791520128.674965,16.487,6.070,0.000,1,low
1791520129.840857,1791520129.840857,15.162,4.745,0.000,1,low
1791520130.071181,1791520130.071181,15.080,4.663,0.000,1,low
1791520130.337165,1791520130.337165,14.822,4.406,0.000,1,low
1791520130.669189,1791520130.669189,14.682,4.266,0.000,1,low
1791520131.271382,1791520131.271382,14.927,4.510,0.000,1,low
1791520132.005708,1791520132.005708,14.931,4.515,0.000,1,low
1791520132.204388,1791520132.204388,15.031,4.615,0.000,1,low
1791520132.604944,1791520132.604944,14.533,4.116,0.000,1,low
1791520132.870152,1791520132.870152,15.982,5.566,0.000,1,low
1791520133.535264,1791520133.535264,15.999,5.582,0.000,1,low
1791520133.669852,1791520133.669852,15.534,5.117,0.000,1,low
1791520133.969588,1791520133.969588,15.427,5.010,0.000,1,low
1791520134.467638,1791520134.467638,15.411,4.995,0.000,1,low
1791520135.540486,1791520135.540486,15.195,4.778,0.000,1,low
1791520136.940350,1791520137.068857,17.177,18.826,128.507,3,low
1791520137.204502,1791520137.204502,15.320,4.903,0.000,1,low
1791520137.338149,1791520137.338149,14.855,4.439,0.000,1,low
1791520138.137249,1791520138.137249,15.239,4.822,0.000,1,low
1791520138.541264,1791520138.541264,16.039,5.623,0.000,1,low
1791520138.740477,1791520138.740477,15.367,4.951,0.000,1,low
1791520139.143006,1791520139.143006,15.144,4.727,0.000,1,low
1791520139.475143,1791520139.475143,14.776,4.359,0.000,1,low
1791520139.942687,1791520139.977590,18.131,12.912,34.903,2,low
1791520140.677071,1791520140.677071,14.789,4.372,0.000,1,low
1791520140.908322,1791520141.004751,15.665,9.863,96.429,2,low
1791520141.274082,1791520141.274082,15.575,5.158,0.000,1,low
1791520141.736125,1791520141.736125,14.791,4.375,0.000,1,low
1791520142.272076,1791520142.272076,14.745,4.328,0.000,1,low
1791520142.869669,1791520142.869669,14.680,4.263,0.000,1,low
1791520143.599442,1791520143.599442,14.680,4.263,0.000,1,low
1791520144.809887,1791520144.809887,15.313,4.896,0.000,1,low
1791520144.933361,1791520144.933361,15.005,4.588,0.000,1,low
1791520145.799075,1791520145.799075,15.263,4.846,0.000,1,low
1791520146.002417,1791520146.002417,14.667,4.250,0.000,1,low
1791520146.336270,1791520146.336270,14.473,4.057,0.000,1,low
1791520146.465046,1791520146.465046,14.815,4.399,0.000,1,low
1791520146.666531,1791520146.666531,14.927,4.510,0.000,1,low
1791520146.864758,1791520146.864758,14.389,3.972,0.000,1,low
1791520147.866672,1791520147.866672,14.934,4.517,0.000,1,low
1791520150.395089,1791520150.395089,14.860,4.444,0.000,1,low
1791520150.926256,1791520150.926256,14.893,4.477,0.000,1,low
1791520151.993393,1791520151.993393,14.343,3.926,0.000,1,low
1791520152.463075,1791520152.463075,14.943,4.527,0.000,1,low
1791520154.262351,1791520154.262351,14.631,4.214,0.000,1,low
1791520154.656487,1791520154.656487,14.759,4.343,0.000,1,low
1791520155.589131,1791520155.589131,15.117,4.700,0.000,1,low
1791520156.459941,1791520156.459941,14.857,4.440,0.000,1,low
1791520156.596338,1791520156.661022,17.557,12.502,64.684,2,low
1791520157.597521,1791520157.597521,14.891,4.474,0.000,1,low
1791520159.393817,1791520159.393817,15.180,4.763,0.000,1,low
1791520159.860001,1791520159.860001,14.465,4.048,0.000,1,low
1791520159.997773,1791520159.997773,14.813,4.396,0.000,1,low
1791520160.259258,1791520160.259258,14.960,4.543,0.000,1,low
1791520160.460001,1791520160.460001,16.255,5.839,0.000,1,low
1791520161.061351,1791520161.061351,16.804,6.387,0.000,1,low
1791520161.263969,1791520161.263969,16.642,6.226,0.000,1,low
1791520162.490414,1791520162.595917,16.956,18.731,105.503,3,low
1791520162.862729,1791520162.928777,18.941,20.375,66.048,3,low
1791520164.658025,1791520164.658025,14.556,4.140,0.000,1,low
1791520164.928408,1791520164.992184,16.156,10.571,63.776,2,low
1791520165.134871,1791520165.241444,16.139,15.943,106.573,3,low
1791520166.861004,1791520166.944118,18.691,13.410,83.114,2,low
1791520167.059065,1791520167.059065,17.060,6.644,0.000,1,low
1791520167.182010,1791520167.258232,16.686,12.108,76.222,2,low
1791520167.445060,1791520167.445060,17.431,7.014,0.000,1,low
1791520167.547078,1791520167.547078,16.540,6.124,0.000,1,low
1791520167.657573,1791520167.689291,16.723,12.596,31.718,2,low
1791520167.958263,1791520167.958263,15.983,5.567,0.000,1,low
1791520168.226004,1791520168.226004,17.281,6.865,0.000,1,low
1791520168.460189,1791520168.460189,18.791,8.375,0.000,1,low
1791520168.884181,1791520168.884181,15.072,4.655,0.000,1,low
1791520169.339123,1791520169.339123,14.644,4.228,0.000,1,low
1791520169.637756,1791520169.637756,14.784,4.368,0.000,1,low
1791520169.934153,1791520169.934153,15.534,5.117,0.000,1,low
1791520170.064139,1791520170.200011,15.525,14.231,135.872,3,low
1791520170.334187,1791520170.334187,16.670,6.253,0.000,1,low
1791520170.463932,1791520170.463932,14.695,4.279,0.000,1,low
1791520170.736990,1791520170.799791,15.624,9.565,62.801,2,low
1791520171.138716,1791520171.138716,14.581,4.165,0.000,1,low
1791520171.268381,1791520171.337428,15.024,8.793,69.047,2,low
1791520171.801633,1791520171.801633,14.905,4.489,0.000,1,low
1791520172.272456,1791520172.334237,15.989,10.712,61.781,2,low
1791520172.803131,1791520172.939128,15.630,14.734,135.997,3,low
1791520173.270238,1791520173.270238,15.460,5.043,0.000,1,low
1791520173.470378,1791520173.537992,14.832,8.605,67.614,2,low
1791520173.870506,1791520173.940062,15.456,9.955,69.556,2,low
1791520174.476372,1791520174.539284,15.276,9.558,62.912,2,low
1791520174.676687,1791520174.737169,15.285,9.145,60.482,2,low
1791520175.075743,1791520175.075743,15.263,4.846,0.000,1,low
1791520175.677121,1791520175.677121,16.224,5.808,0.000,1,low
1791520175.806189,1791520175.806189,14.604,4.187,0.000,1,low
1791520176.405488,1791520176.405488,14.860,4.444,0.000,1,low
1791520177.205977,1791520177.205977,15.602,5.186,0.000,1,low
1791520177.676240,1791520177.676240,15.553,5.136,0.000,1,low
1791520177.906605,1791520177.941315,15.967,10.751,34.710,2,low
1791520179.404965,1791520179.404965,15.678,5.262,0.000,1,low
1791520181.409713,1791520181.409713,14.848,4.432,0.000,1,low
1791520181.707126,1791520181.707126,15.292,4.876,0.000,1,low
1791520181.808256,1791520181.808256,15.960,5.543,0.000,1,low
1791520182.866241,1791520182.866241,14.955,4.539,0.000,1,low
1791520183.137649,1791520183.137649,15.365,4.948,0.000,1,low
1791520183.535655,1791520183.606021,15.370,9.711,70.366,2,low
1791520184.132394,1791520184.198064,15.694,10.475,65.670,2,low
1791520184.468858,1791520184.468858,15.063,4.647,0.000,1,low
1791520184.797259,1791520184.797259,15.504,5.087,0.000,1,low
1791520185.864291,1791520185.864291,15.240,4.824,0.000,1,low
1791520187.867808,1791520187.867808,17.501,7.084,0.000,1,low
1791520188.006341,1791520188.006341,18.499,8.083,0.000,1,low
1791520191.005115,1791520191.005115,16.584,6.168,0.000,1,low
1791520192.074125,1791520192.074125,16.854,6.437,0.000,1,low
1791520193.363677,1791520193.363677,16.185,5.769,0.000,1,low
1791520195.935610,1791520195.935610,17.679,7.262,0.000,1,low
1791520196.201821,1791520196.201821,16.729,6.312,0.000,1,low
1791520196.328862,1791520196.328862,16.467,6.050,0.000,1,low
1791520198.069564,1791520198.069564,16.729,6.312,0.000,1,low
1791520201.145252,1791520201.145252,17.425,7.008,0.000,1,low
1791520201.282958,1791520201.282958,18.922,8.505,0.000,1,low
1791520202.877373,1791520202.916209,19.008,16.533,38.836,2,low
1791520203.943291,1791520203.943291,18.059,7.642,0.000,1,low
1791520210.999059,1791520211.027083,17.602,14.120,28.024,2,low
1791520211.864315,1791520211.864315,17.065,6.648,0.000,1,low
1791520215.073961,1791520215.073961,19.360,8.943,0.000,1,low
1791520217.404918,1791520217.404918,18.408,7.991,0.000,1,low
1791520221.009391,1791520221.009391,19.172,8.756,0.000,1,low
1791520221.276109,1791520221.276109,18.179,7.762,0.000,1,low
1791520222.208057,1791520222.208057,19.241,8.825,0.000,1,low
1791520224.946125,1791520224.946125,19.164,8.748,0.000,1,low
1791520225.077500,1791520225.077500,18.049,7.633,0.000,1,low
1791520227.320229,1791520227.390762,20.711,19.983,70.533,2,low
1791520227.583765,1791520227.583765,18.349,7.932,0.000,1,low
1791520228.480739,1791520228.480739,17.133,6.716,0.000,1,low
1791520229.531099,1791520229.531099,18.778,8.362,0.000,1,low
1791520231.006308,1791520231.006308,16.626,6.209,0.000,1,low
1791520232.206054,1791520232.206054,16.547,6.131,0.000,1,low
1791520232.542120,1791520232.542120,17.667,7.250,0.000,1,low
1791520234.073902,1791520234.073902,19.062,8.645,0.000,1,low
1791520235.941603,1791520235.941603,17.443,7.026,0.000,1,low
1791520236.271780,1791520236.271780,17.252,6.835,0.000,1,low
1791520237.209727,1791520237.209727,17.577,7.160,0.000,1,low
1791520238.677116,1791520238.677116,17.058,6.641,0.000,1,low
1791520239.011677,1791520239.011677,19.396,8.979,0.000,1,low
1791520239.612278,1791520239.612278,18.465,8.048,0.000,1,low
1791520241.611178,1791520241.611178,17.387,6.970,0.000,1,low
1791520242.608050,1791520242.608050,16.916,6.499,0.000,1,low
1791520243.274121,1791520243.406261,17.221,19.357,132.140,3,low
1791520244.472687,1791520244.472687,17.268,6.851,0.000,1,low
1791520246.279291,1791520246.279291,17.308,6.892,0.000,1,low
1791520247.071966,1791520247.071966,16.309,5.892,0.000,1,low
1791520247.533202,1791520247.533202,16.521,6.105,0.000,1,low
1791520250.071935,1791520250.071935,16.825,6.409,0.000,1,low
1791520253.804354,1791520253.804354,19.523,9.106,0.000,1,low
1791520254.164850,1791520254.164850,18.768,8.351,0.000,1,low
1791520254.937013,1791520254.937013,17.380,6.963,0.000,1,low
1791520255.598140,1791520255.598140,17.875,7.458,0.000,1,low
1791520256.338071,1791520256.338071,18.187,7.770,0.000,1,low
1791520256.737381,1791520256.737381,17.447,7.031,0.000,1,low
1791520256.872253,1791520256.872253,17.119,6.702,0.000,1,low
1791520259.342651,1791520259.406896,21.135,17.600,64.245,2,low
1791520259.540947,1791520259.540947,17.800,7.383,0.000,1,low
1791520260.139552,1791520260.139552,16.937,6.520,0.000,1,low
1791520260.805609,1791520260.937303,15.534,14.442,131.694,3,low
1791520261.498740,1791520261.498740,14.978,4.561,0.000,1,low
1791520262.537935,1791520262.537935,16.003,5.586,0.000,1,low
1791520263.176815,1791520263.176815,16.308,5.891,0.000,1,low
1791520263.542277,1791520263.542277,16.379,5.962,0.000,1,low
1791520263.807414,1791520263.878571,18.175,15.237,71.157,2,low
1791520264.477504,1791520264.477504,17.634,7.217,0.000,1,low
1791520264.742858,1791520264.742858,18.446,8.029,0.000,1,low
1791520265.137782,1791520265.137782,16.537,6.120,0.000,1,low
1791520266.944391,1791520266.944391,16.917,6.500,0.000,1,low
1791520268.043202,1791520268.043202,16.204,5.788,0.000,1,low
1791520268.407286,1791520268.407286,16.902,6.486,0.000,1,low
1791520269.408381,1791520269.408381,16.565,6.149,0.000,1,low
1791520270.010678,1791520270.010678,16.538,6.121,0.000,1,low
1791520273.470797,1791520273.470797,14.726,4.309,0.000,1,low
1791520274.068494,1791520274.068494,14.579,4.162,0.000,1,low
1791520276.000922,1791520276.000922,14.232,3.816,0.000,1,low
1791520278.397558,1791520278.463343,16.891,10.450,65.785,2,low
1791520278.728397,1791520278.728397,15.776,5.359,0.000,1,low
1791520278.863872,1791520278.863872,15.373,4.957,0.000,1,low
1791520279.266252,1791520279.266252,15.594,5.177,0.000,1,low
1791520279.399530,1791520279.399530,14.622,4.205,0.000,1,low
1791520279.598745,1791520279.598745,17.332,6.916,0.000,1,low
1791520279.797063,1791520279.966517,15.812,19.031,169.454,4,low
1791520280.793966,1791520280.793966,14.888,4.471,0.000,1,low
1791520280.930539,1791520280.930539,15.043,4.626,0.000,1,low
1791520282.533385,1791520282.533385,15.684,5.268,0.000,1,low
1791520282.670085,1791520282.670085,15.829,5.412,0.000,1,low
1791520284.001254,1791520284.001254,17.747,7.330,0.000,1,low
1791520284.902588,1791520284.902588,17.388,6.971,0.000,1,low
1791520285.878670,1791520285.945559,16.147,11.299,66.889,2,low
1791520286.712344,1791520286.712344,15.687,5.270,0.000,1,low
1791520286.813679,1791520286.813679,16.000,5.583,0.000,1,low
1791520287.315619,1791520287.315619,15.449,5.033,0.000,1,low
1791520287.584685,1791520287.718545,16.108,16.016,133.860,3,low
1791520288.014874,1791520288.081016,15.365,9.683,66.142,2,low
1791520288.515205,1791520288.515205,15.947,5.530,0.000,1,low
1791520288.616182,1791520288.647412,15.728,10.331,31.230,2,low
1791520289.703166,1791520289.703166,15.284,4.867,0.000,1,low
1791520290.001536,1791520290.072906,15.236,9.607,71.370,2,low
1791520290.537998,1791520290.537998,16.708,6.291,0.000,1,low
1791520290.673825,1791520290.673825,18.192,7.775,0.000,1,low
1791520291.607516,1791520291.607516,15.780,5.364,0.000,1,low
1791520291.907051,1791520291.907051,15.778,5.361,0.000,1,low
1791520292.277068,1791520292.277068,15.734,5.317,0.000,1,low
1791520293.009809,1791520293.039702,16.144,10.295,29.893,2,low
1791520293.606600,1791520293.606600,15.652,5.236,0.000,1,low
1791520293.873478,1791520293.873478,14.516,4.099,0.000,1,low
1791520294.208710,1791520294.208710,14.614,4.198,0.000,1,low
1791520294.474855,1791520294.474855,14.609,4.192,0.000,1,low
1791520294.604379,1791520294.604379,14.850,4.433,0.000,1,low
1791520294.936184,1791520294.936184,14.573,4.156,0.000,1,low
1791520295.138523,1791520295.138523,15.435,5.018,0.000,1,low
1791520295.269426,1791520295.336118,15.843,10.292,66.692,2,low
1791520295.806530,1791520295.806530,15.424,5.008,0.000,1,low
1791520296.731491,1791520296.731491,14.351,3.934,0.000,1,low
1791520296.868235,1791520296.868235,14.535,4.118,0.000,1,low
1791520297.066276,1791520297.134595,14.730,8.314,68.319,2,low
1791520297.332828,1791520297.332828,14.724,4.307,0.000,1,low
1791520297.662683,1791520297.731606,15.272,9.045,68.923,2,low
1791520297.994553,1791520297.994553,14.341,3.925,0.000,1,low
1791520298.197776,1791520298.197776,14.442,4.026,0.000,1,low
1791520298.662978,1791520298.730820,14.581,7.931,67.842,2,low
1791520298.930125,1791520298.930125,14.284,3.868,0.000,1,low
1791520299.195918,1791520299.195918,14.210,3.793,0.000,1,low
1791520299.393962,1791520299.393962,14.414,3.997,0.000,1,low
1791520299.532747,1791520299.532747,14.514,4.097,0.000,1,low
1791520299.661318,1791520299.661318,16.249,5.833,0.000,1,low
1791520299.794364,1791520299.794364,14.625,4.209,0.000,1,low
1791520300.062696,1791520300.195545,15.715,13.565,132.849,3,low
1791520300.664267,1791520300.731478,14.422,7.965,67.211,2,low
1791520300.929574,1791520300.929574,14.454,4.038,0.000,1,low
1791520301.523648,1791520301.523648,14.338,3.921,0.000,1,low
1791520302.260789,1791520302.392750,15.333,12.536,131.961,3,low
1791520302.523521,1791520302.523521,14.954,4.537,0.000,1,low
1791520302.723243,1791520302.723243,14.128,3.711,0.000,1,low
1791520302.994614,1791520302.994614,14.290,3.874,0.000,1,low
1791520303.125807,1791520303.125807,14.473,4.057,0.000,1,low
1791520303.324218,1791520303.461328,15.757,15.226,137.110,3,low
1791520303.929313,1791520303.994349,14.268,7.655,65.036,2,low
1791520304.329374,1791520304.367105,16.820,10.217,37.731,2,low
1791520304.935691,1791520304.935691,14.901,4.484,0.000,1,low
1791520305.133972,1791520305.133972,16.974,6.557,0.000,1,low
1791520305.333497,1791520305.333497,14.829,4.413,0.000,1,low
1791520305.468415,1791520305.468415,14.724,4.307,0.000,1,low
1791520305.666497,1791520305.666497,14.497,4.080,0.000,1,low
1791520305.865813,1791520305.935621,15.903,9.944,69.808,2,low
1791520306.069250,1791520306.069250,14.405,3.989,0.000,1,low
1791520306.335594,1791520306.335594,14.711,4.294,0.000,1,low
1791520307.066803,1791520307.066803,14.216,3.799,0.000,1,low
1791520307.264449,1791520307.264449,14.704,4.287,0.000,1,low
1791520307.470245,1791520307.470245,15.525,5.109,0.000,1,low
1791520307.767606,1791520307.767606,14.193,3.776,0.000,1,low
1791520307.869651,1791520307.869651,15.291,4.875,0.000,1,low
1791520308.133950,1791520308.267994,14.668,11.990,134.044,3,low
1791520308.599969,1791520308.599969,14.427,4.010,0.000,1,low
1791520308.731647,1791520308.800324,15.735,9.240,68.677,2,low
1791520308.936166,1791520308.936166,14.592,4.175,0.000,1,low
1791520309.130165,1791520309.130165,14.877,4.460,0.000,1,low
1791520309.401403,1791520309.401403,14.195,3.779,0.000,1,low
1791520309.799194,1791520309.799194,16.523,6.106,0.000,1,low
1791520309.934498,1791520309.934498,14.565,4.148,0.000,1,low
1791520310.264899,1791520310.264899,14.761,4.344,0.000,1,low
1791520310.935707,1791520310.997128,15.197,9.329,61.421,2,low
1791520311.201000,1791520311.268985,14.959,8.810,67.985,2,low
1791520311.462790,1791520311.462790,15.346,4.929,0.000,1,low
1791520311.664701,1791520311.664701,14.493,4.077,0.000,1,low
1791520311.931651,1791520311.931651,14.535,4.118,0.000,1,low
1791520312.464061,1791520312.464061,14.576,4.160,0.000,1,low
1791520313.201190,1791520313.201190,14.405,3.989,0.000,1,low
1791520313.993632,1791520314.067875,14.415,7.939,74.243,2,low
1791520314.662084,1791520314.862144,14.968,17.506,200.060,4,low
1791520314.970256,1791520314.999546,16.492,11.262,29.290,2,low
1791520315.203546,1791520315.203546,14.597,4.180,0.000,1,low
1791520315.536498,1791520315.536498,17.116,6.699,0.000,1,low
1791520315.868701,1791520315.868701,16.289,5.872,0.000,1,low
1791520316.072526,1791520316.072526,14.915,4.498,0.000,1,low
1791520316.266839,1791520316.266839,14.782,4.365,0.000,1,low
1791520316.536427,1791520316.536427,16.247,5.830,0.000,1,low
1791520316.672831,1791520316.733397,14.974,8.697,60.566,2,low
1791520316.870552,1791520316.870552,14.663,4.247,0.000,1,low
1791520317.133454,1791520317.133454,15.136,4.719,0.000,1,low
1791520317.267349,1791520317.267349,14.255,3.838,0.000,1,low
1791520317.465701,1791520317.465701,14.457,4.040,0.000,1,low
1791520317.664580,1791520317.664580,14.903,4.486,0.000,1,low
1791520317.865718,1791520317.865718,14.252,3.836,0.000,1,low
1791520317.999876,1791520317.999876,15.546,5.130,0.000,1,low
1791520318.197216,1791520318.264640,14.866,8.361,67.424,2,low
1791520318.400523,1791520318.400523,15.425,5.009,0.000,1,low
1791520318.601435,1791520318.666543,15.719,14.194,65.108,3,low
1791520318.868836,1791520319.069677,14.981,16.758,200.841,4,low
1791520319.262411,1791520319.328915,14.601,8.121,66.504,2,low
1791520319.465451,1791520319.465451,15.119,4.702,0.000,1,low
1791520319.662209,1791520319.729422,14.806,8.259,67.213,2,low
1791520319.863770,1791520319.932498,14.717,8.321,68.728,2,low
1791520320.200349,1791520320.269915,16.363,11.471,69.566,2,low
1791520320.536476,1791520320.536476,16.874,6.457,0.000,1,low
1791520320.666694,1791520320.666694,15.067,4.650,0.000,1,low
1791520321.066751,1791520321.066751,15.893,5.477,0.000,1,low
1791520321.395344,1791520321.395344,15.731,5.314,0.000,1,low
1791520321.596572,1791520321.596572,14.883,4.466,0.000,1,low
1791520321.999323,1791520322.069808,15.414,9.189,70.485,2,low
1791520322.335866,1791520322.335866,14.769,4.352,0.000,1,low
1791520322.466609,1791520322.466609,14.687,4.270,0.000,1,low
1791520322.666559,1791520322.666559,14.531,4.115,0.000,1,low
1791520322.802520,1791520322.802520,15.627,5.211,0.000,1,low
1791520323.404785,1791520323.404785,15.415,4.998,0.000,1,low
1791520323.602145,1791520323.602145,15.099,4.682,0.000,1,low
1791520323.808108,1791520323.808108,15.229,4.813,0.000,1,low
1791520324.275765,1791520324.408588,17.563,18.048,132.823,3,low
1791520325.008691,1791520325.008691,15.524,5.107,0.000,1,low
1791520325.204976,1791520325.269962,15.879,10.421,64.986,2,low
1791520326.071750,1791520326.071750,15.167,4.750,0.000,1,low
1791520327.532104,1791520327.532104,14.718,4.301,0.000,1,low
1791520327.932923,1791520328.064026,16.889,15.173,131.103,3,low
1791520328.399954,1791520328.399954,18.153,7.736,0.000,1,low
1791520329.000452,1791520329.000452,15.393,4.977,0.000,1,low
1791520329.601206,1791520329.601206,14.795,4.378,0.000,1,low
1791520330.469301,1791520330.469301,15.508,5.092,0.000,1,low
1791520330.736046,1791520330.736046,15.981,5.564,0.000,1,low
1791520330.864009,1791520330.864009,14.706,4.289,0.000,1,low
1791520331.062282,1791520331.062282,14.680,4.263,0.000,1,low
1791520331.335739,1791520331.335739,16.794,6.378,0.000,1,low
1791520331.468006,1791520331.468006,14.950,4.534,0.000,1,low
1791520331.734483,1791520331.797763,16.506,10.735,63.280,2,low
1791520331.932116,1791520331.932116,14.971,4.554,0.000,1,low
1791520332.068337,1791520332.068337,15.507,5.091,0.000,1,low
1791520332.937061,1791520332.937061,14.490,4.073,0.000,1,low
1791520333.937909,1791520334.073238,15.348,13.648,135.329,3,low
1791520334.204257,1791520334.204257,14.939,4.522,0.000,1,low
1791520334.336263,1791520334.336263,15.349,4.933,0.000,1,low
1791520334.869129,1791520334.904031,15.213,8.795,34.902,2,low
1791520335.269113,1791520335.269113,16.128,5.712,0.000,1,low
1791520336.067374,1791520336.067374,16.561,6.144,0.000,1,low
1791520336.272101,1791520336.272101,15.701,5.284,0.000,1,low
1791520336.402548,1791520336.402548,14.731,4.314,0.000,1,low
1791520336.799654,1791520336.799654,14.844,4.427,0.000,1,low
1791520337.131802,1791520337.131802,14.681,4.264,0.000,1,low
1791520337.270466,1791520337.270466,15.292,4.876,0.000,1,low
1791520337.469447,1791520337.469447,14.752,4.336,0.000,1,low
1791520337.663871,1791520337.663871,15.118,4.701,0.000,1,low
1791520338.733065,1791520338.733065,15.384,4.967,0.000,1,low
1791520338.932638,1791520338.932638,15.858,5.441,0.000,1,low
1791520339.468558,1791520339.468558,15.626,5.209,0.000,1,low
1791520339.606729,1791520339.606729,16.168,5.751,0.000,1,low
1791520339.869211,1791520339.869211,16.309,5.892,0.000,1,low
1791520340.075120,1791520340.075120,16.292,5.876,0.000,1,low
1791520342.467617,1791520342.467617,15.178,4.762,0.000,1,low
1791520342.869986,1791520342.869986,15.867,5.450,0.000,1,low
1791520343.336280,1791520343.336280,15.011,4.594,0.000,1,low
1791520343.736947,1791520343.736947,14.664,4.248,0.000,1,low
1791520344.939352,1791520345.006968,16.606,11.079,67.616,2,low
1791520345.178811,1791520345.178811,15.142,4.725,0.000,1,low
1791520346.000548,1791520346.000548,15.309,4.892,0.000,1,low
1791520346.537145,1791520346.573979,15.653,10.060,36.834,2,low
1791520346.936720,1791520346.936720,15.063,4.647,0.000,1,low
1791520347.273003,1791520347.273003,14.921,4.504,0.000,1,low
1791520347.405892,1791520347.405892,14.789,4.372,0.000,1,low
1791520347.671124,1791520347.671124,16.449,6.032,0.000,1,low
1791520347.802871,1791520347.871372,15.403,9.471,68.501,2,low
1791520348.335609,1791520348.469099,15.890,16.168,133.490,3,low
1791520348.807034,1791520348.807034,15.830,5.414,0.000,1,low
1791520348.933486,1791520348.933486,15.098,4.681,0.000,1,low
1791520349.033530,1791520349.033530,15.866,5.449,0.000,1,low
1791520349.134476,1791520349.391539,15.892,26.089,257.063,5,low
1791520349.817074,1791520349.881742,15.181,9.464,64.668,2,low
1791520350.012806,1791520350.012806,15.187,4.770,0.000,1,low
1791520350.146158,1791520350.349701,16.682,21.554,203.543,4,low
1791520350.947399,1791520350.947399,15.909,5.492,0.000,1,low
1791520351.078569,1791520351.078569,15.620,5.203,0.000,1,low
1791520351.952425,1791520352.113911,16.194,20.395,161.486,4,low
1791520352.384431,1791520352.419701,17.975,13.993,35.270,2,low
1791520353.178181,1791520353.178181,15.119,4.702,0.000,1,low
1791520354.606941,1791520354.606941,17.934,7.518,0.000,1,low
1791520355.010696,1791520355.075517,17.877,13.807,64.821,2,low
1791520355.271372,1791520355.271372,16.853,6.436,0.000,1,low
1791520355.603011,1791520355.603011,17.203,6.786,0.000,1,low
1791520355.908150,1791520355.908150,16.775,6.359,0.000,1,low
1791520356.077114,1791520356.077114,19.073,8.656,0.000,1,low
1791520356.478367,1791520356.478367,17.064,6.647,0.000,1,low
1791520357.010232,1791520357.079474,16.366,11.712,69.242,2,low
1791520357.875219,1791520357.947488,15.791,10.538,72.269,2,low
1791520358.478239,1791520358.478239,15.806,5.390,0.000,1,low
1791520359.046338,1791520359.046338,15.894,5.478,0.000,1,low
1791520359.282015,1791520359.345515,17.018,12.378,63.500,2,low
1791520359.811973,1791520359.811973,15.764,5.347,0.000,1,low
1791520360.078293,1791520360.146214,16.366,11.394,67.921,2,low
1791520360.482723,1791520360.482723,16.036,5.619,0.000,1,low
1791520360.616343,1791520360.616343,15.908,5.491,0.000,1,low
1791520361.144306,1791520361.144306,15.851,5.434,0.000,1,low
1791520362.911415,1791520362.911415,15.513,5.097,0.000,1,low
1791520363.142768,1791520363.142768,15.592,5.175,0.000,1,low
1791520363.607706,1791520363.607706,15.823,5.407,0.000,1,low
1791520363.943504,1791520363.943504,15.805,5.389,0.000,1,low
1791520364.207819,1791520364.207819,17.909,7.493,0.000,1,low
1791520364.414497,1791520364.414497,18.180,7.763,0.000,1,low
1791520365.875876,1791520365.875876,15.786,5.370,0.000,1,low
1791520367.006883,1791520367.006883,15.486,5.069,0.000,1,low
1791520367.137444,1791520367.137444,15.259,4.843,0.000,1,low
1791520367.535601,1791520367.606660,15.275,9.582,71.059,2,low
1791520367.938257,1791520367.938257,16.030,5.613,0.000,1,low
1791520368.468791,1791520368.468791,14.985,4.568,0.000,1,low
1791520368.640375,1791520368.640375,15.443,5.027,0.000,1,low
1791520369.005565,1791520369.005565,15.207,4.790,0.000,1,low
1791520369.400856,1791520369.400856,15.199,4.782,0.000,1,low
1791520369.937719,1791520370.002685,17.658,11.785,64.966,2,low
1791520370.936816,1791520370.936816,15.291,4.875,0.000,1,low
1791520371.540116,1791520371.540116,15.310,4.894,0.000,1,low
1791520372.534373,1791520372.600221,17.587,12.284,65.848,2,low
1791520373.267052,1791520373.267052,15.451,5.035,0.000,1,low
1791520373.733962,1791520373.733962,15.619,5.202,0.000,1,low
1791520376.011746,1791520376.011746,17.383,6.967,0.000,1,low
1791520376.477008,1791520376.477008,16.457,6.041,0.000,1,low
1791520378.282943,1791520378.282943,17.551,7.134,0.000,1,low
1791520379.218307,1791520379.218307,16.509,6.093,0.000,1,low
1791520381.210080,1791520381.210080,17.249,6.832,0.000,1,low
1791520382.677431,1791520382.677431,17.256,6.840,0.000,1,low
1791520384.604841,1791520384.604841,17.515,7.098,0.000,1,low
1791520385.074965,1791520385.074965,17.787,7.370,0.000,1,low
1791520386.078608,1791520386.078608,19.068,8.651,0.000,1,low
1791520387.920092,1791520387.947961,20.300,17.575,27.869,2,low
1791520388.741317,1791520388.741317,17.775,7.358,0.000,1,low
1791520391.113137,1791520391.113137,18.870,8.453,0.000,1,low
1791520393.145330,1791520393.145330,17.830,7.413,0.000,1,low
1791520393.609658,1791520393.609658,17.984,7.567,0.000,1,low
1791520394.747904,1791520394.811742,18.220,15.163,63.838,2,low
1791520396.672748,1791520396.672748,17.590,7.173,0.000,1,low
1791520401.337650,1791520401.337650,17.684,7.267,0.000,1,low
1791520401.938637,1791520401.938637,18.624,8.207,0.000,1,low
1791520404.039336,1791520404.039336,18.199,7.782,0.000,1,low
1791520404.400703,1791520404.400703,16.819,6.403,0.000,1,low
1791520404.934343,1791520404.999393,17.260,13.635,65.050,2,low
1791520405.631541,1791520405.667389,19.741,16.738,35.848,2,low
1791520406.337598,1791520406.337598,17.482,7.065,0.000,1,low
1791520407.476846,1791520407.476846,17.793,7.376,0.000,1,low
1791520407.610922,1791520407.610922,18.719,8.302,0.000,1,low
1791520407.940447,1791520407.940447,17.275,6.859,0.000,1,low
1791520408.344255,1791520408.344255,17.858,7.442,0.000,1,low
1791520409.687708,1791520409.687708,16.308,5.891,0.000,1,low
1791520411.141585,1791520411.208943,16.138,11.415,67.358,2,low
1791520411.409909,1791520411.409909,16.365,5.948,0.000,1,low
1791520411.611342,1791520411.611342,16.013,5.596,0.000,1,low
1791520411.813239,1791520411.813239,17.480,7.063,0.000,1,low
1791520411.946369,1791520411.946369,17.514,7.097,0.000,1,low
1791520413.080041,1791520413.080041,17.851,7.434,0.000,1,low
1791520414.277575,1791520414.277575,15.834,5.417,0.000,1,low
1791520414.407563,1791520414.407563,15.680,5.263,0.000,1,low
1791520414.609945,1791520414.609945,16.381,5.965,0.000,1,low
1791520414.810373,1791520414.810373,18.606,8.190,0.000,1,low
1791520415.071646,1791520415.071646,15.640,5.224,0.000,1,low
1791520415.405657,1791520415.405657,15.263,4.846,0.000,1,low
1791520415.942742,1791520415.942742,16.290,5.873,0.000,1,low
1791520416.140668,1791520416.205795,15.753,10.324,65.127,2,low
1791520416.404403,1791520416.404403,15.188,4.771,0.000,1,low
1791520416.605703,1791520416.605703,16.127,5.710,0.000,1,low
1791520416.737990,1791520416.737990,16.156,5.739,0.000,1,low
1791520416.873777,1791520416.873777,15.060,4.643,0.000,1,low
1791520417.009704,1791520417.074213,15.499,9.497,64.509,2,low
1791520417.339614,1791520417.339614,15.608,5.192,0.000,1,low
1791520417.469862,1791520417.469862,16.213,5.796,0.000,1,low
1791520417.739391,1791520417.739391,14.730,4.313,0.000,1,low
1791520418.076245,1791520418.076245,14.305,3.888,0.000,1,low
1791520418.344760,1791520418.344760,15.619,5.202,0.000,1,low
1791520418.672893,1791520418.672893,14.520,4.103,0.000,1,low
1791520418.941278,1791520418.941278,16.798,6.381,0.000,1,low
1791520419.073529,1791520419.073529,14.563,4.147,0.000,1,low
1791520419.411041,1791520419.411041,16.752,6.335,0.000,1,low
1791520419.873763,1791520419.873763,14.414,3.997,0.000,1,low
1791520420.006321,1791520420.140759,15.563,12.935,134.438,3,low
1791520421.076107,1791520421.143543,14.459,7.891,67.436,2,low
1791520421.608236,1791520421.608236,14.954,4.537,0.000,1,low
1791520422.397922,1791520422.397922,14.592,4.175,0.000,1,low
1791520422.868127,1791520422.868127,14.967,4.550,0.000,1,low
1791520424.001662,1791520424.065125,14.818,8.720,63.463,2,low
1791520424.402146,1791520424.402146,14.546,4.129,0.000,1,low
1791520424.598812,1791520424.598812,15.276,4.859,0.000,1,low
1791520425.533109,1791520425.533109,14.521,4.104,0.000,1,low
1791520425.800467,1791520425.869140,14.983,9.072,68.673,2,low
1791520426.341544,1791520426.341544,15.145,4.729,0.000,1,low
1791520427.109102,1791520427.141517,17.335,11.008,32.415,2,low
1791520429.261474,1791520429.261474,15.368,4.952,0.000,1,low
1791520429.930734,1791520429.930734,16.975,6.558,0.000,1,low
1791520430.195596,1791520430.195596,15.760,5.344,0.000,1,low
1791520431.266484,1791520431.266484,15.841,5.424,0.000,1,low
1791520432.131752,1791520432.192807,15.475,9.444,61.055,2,low
1791520432.333324,1791520432.333324,15.548,5.131,0.000,1,low
1791520432.529268,1791520432.529268,14.970,4.553,0.000,1,low
1791520433.591430,1791520433.657453,14.416,7.794,66.023,2,low
1791520434.128418,1791520434.128418,14.493,4.077,0.000,1,low
1791520434.258936,1791520434.325701,14.750,8.295,66.765,2,low
1791520434.463651,1791520434.463651,14.587,4.171,0.000,1,low
1791520434.793290,1791520434.860919,14.386,7.860,67.629,2,low
1791520435.198023,1791520435.198023,14.740,4.324,0.000,1,low
1791520435.397189,1791520435.397189,14.156,3.740,0.000,1,low
1791520435.662373,1791520435.662373,14.907,4.490,0.000,1,low
1791520436.060244,1791520436.060244,15.127,4.711,0.000,1,low
1791520437.195848,1791520437.195848,14.772,4.356,0.000,1,low
1791520437.460179,1791520437.460179,15.323,4.907,0.000,1,low
1791520437.664829,1791520437.664829,14.645,4.229,0.000,1,low
1791520437.862459,1791520437.862459,14.680,4.263,0.000,1,low
1791520438.199459,1791520438.333830,14.904,12.578,134.371,3,low
1791520438.463991,1791520438.463991,15.517,5.100,0.000,1,low
1791520438.664794,1791520438.664794,16.159,5.743,0.000,1,low
1791520439.062354,1791520439.195332,15.859,13.969,132.978,3,low
1791520439.527769,1791520439.600628,15.167,8.595,72.859,2,low
1791520439.797034,1791520439.797034,14.245,3.829,0.000,1,low
1791520440.200328,1791520440.266105,14.491,8.082,65.777,2,low
1791520440.665357,1791520440.665357,15.360,4.943,0.000,1,low
1791520440.869548,1791520440.869548,14.176,3.760,0.000,1,low
1791520441.106231,1791520441.137856,16.112,11.030,31.625,2,low
1791520441.265839,1791520441.332939,14.264,7.642,67.100,2,low
1791520441.598973,1791520441.598973,16.032,5.615,0.000,1,low
1791520441.805877,1791520441.865014,15.827,9.781,59.137,2,low
1791520442.132544,1791520442.132544,14.793,4.376,0.000,1,low
1791520442.333879,1791520442.401402,15.044,9.055,67.523,2,low
1791520442.529676,1791520442.529676,14.978,4.561,0.000,1,low
1791520442.865952,1791520442.865952,15.710,5.294,0.000,1,low
1791520442.997529,1791520442.997529,14.531,4.115,0.000,1,low
1791520443.204349,1791520443.204349,15.003,4.586,0.000,1,low
1791520443.369749,1791520443.369749,14.573,4.156,0.000,1,low
1791520444.070106,1791520444.070106,16.710,6.293,0.000,1,low
1791520444.198854,1791520444.266526,14.765,8.299,67.672,2,low
1791520444.530146,1791520444.530146,15.171,4.755,0.000,1,low
1791520444.664350,1791520444.664350,15.397,4.980,0.000,1,low
1791520445.067314,1791520445.067314,14.907,4.490,0.000,1,low
1791520445.266661,1791520445.266661,14.467,4.051,0.000,1,low
1791520445.401677,1791520445.463771,15.247,9.349,62.094,2,low
1791520445.931999,1791520445.998712,14.799,8.348,66.713,2,low
1791520446.197713,1791520446.197713,14.755,4.338,0.000,1,low
1791520446.331769,1791520446.399611,17.275,10.853,67.842,2,low
1791520446.599970,1791520446.599970,14.512,4.096,0.000,1,low
1791520446.867445,1791520446.935948,15.489,9.539,68.503,2,low
1791520447.335715,1791520447.335715,15.415,4.998,0.000,1,low
1791520447.464232,1791520447.666153,15.501,18.055,201.921,4,low
1791520447.935554,1791520447.996165,15.446,9.864,60.611,2,low
1791520448.196091,1791520448.196091,15.812,5.396,0.000,1,low
1791520448.299693,1791520448.395763,15.803,9.373,96.070,2,low
1791520448.668994,1791520448.668994,15.646,5.230,0.000,1,low
1791520448.797112,1791520448.797112,15.239,4.822,0.000,1,low
1791520448.936009,1791520448.936009,16.175,5.758,0.000,1,low
1791520449.202750,1791520449.202750,15.427,5.010,0.000,1,low
1791520449.470568,1791520449.470568,15.682,5.265,0.000,1,low
1791520449.806447,1791520449.806447,16.710,6.293,0.000,1,low
1791520450.268412,1791520450.268412,17.193,6.777,0.000,1,low
1791520450.401907,1791520450.401907,16.473,6.056,0.000,1,low
1791520450.670138,1791520450.670138,16.081,5.664,0.000,1,low
1791520450.922328,1791520450.944438,19.148,17.389,22.110,2,low
1791520454.008244,1791520454.145516,18.180,21.267,137.272,3,low
1791520454.475619,1791520454.475619,16.980,6.563,0.000,1,low
1791520454.679156,1791520454.679156,16.930,6.513,0.000,1,low
1791520454.880630,1791520454.880630,18.623,8.206,0.000,1,low
1791520455.476425,1791520455.476425,15.961,5.544,0.000,1,low
1791520456.006469,1791520456.006469,16.885,6.468,0.000,1,low
1791520456.936270,1791520456.936270,16.407,5.991,0.000,1,low
1791520457.337168,1791520457.337168,15.390,4.973,0.000,1,low
1791520457.942982,1791520457.942982,14.965,4.548,0.000,1,low
1791520458.275856,1791520458.275856,14.796,4.380,0.000,1,low
1791520458.805687,1791520458.805687,15.003,4.586,0.000,1,low
1791520459.140682,1791520459.140682,16.785,6.368,0.000,1,low
1791520461.005918,1791520461.005918,15.100,4.683,0.000,1,low
1791520461.337317,1791520461.337317,14.959,4.542,0.000,1,low
1791520464.600019,1791520464.600019,15.275,4.858,0.000,1,low
1791520464.837573,1791520464.837573,15.409,4.992,0.000,1,low
1791520465.034774,1791520465.034774,15.983,5.567,0.000,1,low
1791520465.419043,1791520465.419043,15.650,5.233,0.000,1,low
1791520467.456927,1791520467.456927,16.547,6.131,0.000,1,low
1791520467.716511,1791520467.716511,15.078,4.661,0.000,1,low
1791520468.518150,1791520468.518150,15.517,5.100,0.000,1,low
1791520468.753292,1791520468.852875,15.524,9.997,99.583,2,low
1791520468.954937,1791520468.954937,15.021,4.604,0.000,1,low
1791520469.546065,1791520469.546065,15.675,5.258,0.000,1,low
1791520469.741010,1791520469.939337,15.878,19.509,198.327,4,low
1791520470.401383,1791520470.466083,15.276,9.205,64.700,2,low
1791520470.665601,1791520470.665601,15.104,4.687,0.000,1,low
1791520471.336723,1791520471.336723,15.615,5.199,0.000,1,low
1791520471.537734,1791520471.537734,15.323,4.907,0.000,1,low
1791520471.665318,1791520471.665318,15.875,5.459,0.000,1,low
1791520472.337039,1791520472.402683,15.805,10.132,65.644,2,low
1791520472.936941,1791520472.936941,15.642,5.225,0.000,1,low
1791520473.868300,1791520473.868300,15.911,5.494,0.000,1,low
1791520474.398637,1791520474.398637,15.393,4.977,0.000,1,low
1791520475.132195,1791520475.132195,16.159,5.743,0.000,1,low
1791520475.537015,1791520475.537015,16.224,5.808,0.000,1,low
1791520476.003339,1791520476.003339,16.088,5.671,0.000,1,low
1791520476.134471,1791520476.201935,16.170,11.435,67.464,2,low
1791520476.603519,1791520476.603519,16.609,6.193,0.000,1,low
1791520477.001643,1791520477.001643,15.848,5.431,0.000,1,low
1791520477.134356,1791520477.134356,17.110,6.694,0.000,1,low
1791520477.331594,1791520477.331594,15.915,5.498,0.000,1,low
1791520479.201790,1791520479.268270,16.812,11.889,66.480,2,low
1791520480.065329,1791520480.065329,16.093,5.676,0.000,1,low
1791520480.204027,1791520480.204027,16.475,6.058,0.000,1,low
1791520480.530757,1791520480.597417,15.875,10.718,66.660,2,low
1791520481.267388,1791520481.267388,15.659,5.243,0.000,1,low
1791520481.663923,1791520481.663923,15.629,5.212,0.000,1,low
1791520482.266817,1791520482.266817,15.226,4.809,0.000,1,low
1791520482.802443,1791520482.802443,15.132,4.716,0.000,1,low
1791520483.065433,1791520483.065433,15.296,4.879,0.000,1,low
1791520483.465658,1791520483.465658,15.454,5.037,0.000,1,low
1791520483.731394,1791520483.731394,16.099,5.682,0.000,1,low
1791520483.870126,1791520483.932718,14.831,8.776,62.592,2,low
1791520484.267007,1791520484.267007,17.166,6.749,0.000,1,low
1791520484.436527,1791520484.436527,15.449,5.033,0.000,1,low
1791520484.603505,1791520484.603505,15.419,5.003,0.000,1,low
1791520484.934689,1791520484.997951,14.872,8.901,63.262,2,low
1791520485.200986,1791520485.200986,16.197,5.781,0.000,1,low
1791520486.332649,1791520486.332649,15.074,4.657,0.000,1,low
1791520486.462630,1791520486.462630,15.588,5.171,0.000,1,low
1791520487.726459,1791520487.726459,14.898,4.482,0.000,1,low
1791520488.399422,1791520488.399422,15.270,4.853,0.000,1,low
1791520488.860747,1791520488.930087,14.929,8.956,69.340,2,low
1791520489.126926,1791520489.197490,15.158,9.114,70.564,2,low
1791520489.994402,1791520489.994402,14.936,4.520,0.000,1,low
1791520490.126543,1791520490.126543,15.957,5.541,0.000,1,low
1791520490.261002,1791520490.261002,14.878,4.461,0.000,1,low
1791520490.792377,1791520490.792377,15.650,5.233,0.000,1,low
1791520492.058607,1791520492.058607,15.613,5.196,0.000,1,low
1791520493.069665,1791520493.128088,17.904,12.880,58.423,2,low
1791520494.328447,1791520494.328447,15.503,5.086,0.000,1,low
1791520495.605032,1791520495.639455,19.522,15.846,34.423,2,low
1791520495.803988,1791520495.871107,15.784,10.705,67.119,2,low
1791520496.873842,1791520496.873842,17.209,6.792,0.000,1,low
1791520497.075769,1791520497.075769,15.617,5.200,0.000,1,low
1791520497.739974,1791520497.739974,15.125,4.708,0.000,1,low
1791520497.874037,1791520497.874037,15.323,4.907,0.000,1,low
1791520498.073963,1791520498.073963,15.761,5.345,0.000,1,low
1791520499.009779,1791520499.076075,15.792,10.210,66.296,2,low
1791520499.672291,1791520499.672291,15.563,5.147,0.000,1,low
1791520500.069458,1791520500.069458,15.304,4.888,0.000,1,low
1791520500.208981,1791520500.208981,15.872,5.455,0.000,1,low
1791520500.673417,1791520500.673417,15.415,4.998,0.000,1,low
1791520501.140374,1791520501.140374,16.141,5.725,0.000,1,low
1791520501.401393,1791520501.401393,14.790,4.374,0.000,1,low
1791520501.535203,1791520501.535203,15.038,4.622,0.000,1,low
1791520501.938020,1791520501.938020,15.474,5.057,0.000,1,low
1791520502.338291,1791520502.338291,15.107,4.691,0.000,1,low
1791520502.533890,1791520502.533890,16.363,5.947,0.000,1,low
1791520502.868084,1791520502.931768,15.607,9.782,63.684,2,low
1791520503.397890,1791520503.397890,15.275,4.858,0.000,1,low
1791520503.596961,1791520503.596961,15.049,4.632,0.000,1,low
1791520503.933375,1791520503.933375,15.500,5.084,0.000,1,low
1791520504.861444,1791520504.861444,14.554,4.137,0.000,1,low
1791520505.462315,1791520505.462315,14.698,4.281,0.000,1,low
1791520505.796929,1791520505.863183,16.373,10.666,66.254,2,low
1791520505.998233,1791520505.998233,15.276,4.859,0.000,1,low
1791520506.133377,1791520506.133377,17.038,6.621,0.000,1,low
1791520506.531934,1791520506.596730,15.835,10.152,64.796,2,low
1791520506.926401,1791520506.926401,15.351,4.934,0.000,1,low
1791520507.264790,1791520507.304786,15.953,10.970,39.996,2,low
1791520507.660504,1791520507.660504,14.828,4.412,0.000,1,low
1791520508.330636,1791520508.330636,15.034,4.617,0.000,1,low
1791520509.464190,1791520509.464190,15.897,5.480,0.000,1,low
1791520510.198251,1791520510.198251,16.289,5.872,0.000,1,low
1791520511.993652,1791520511.993652,14.554,4.137,0.000,1,low
1791520512.726992,1791520512.726992,14.268,3.851,0.000,1,low
1791520513.399219,1791520513.399219,15.431,5.015,0.000,1,low
1791520513.725679,1791520513.725679,14.598,4.181,0.000,1,low
1791520513.930663,1791520513.930663,15.347,4.930,0.000,1,low
1791520514.330372,1791520514.330372,16.082,5.665,0.000,1,low
1791520514.663118,1791520514.663118,14.965,4.548,0.000,1,low
1791520514.927461,1791520514.927461,16.249,5.833,0.000,1,low
1791520515.129348,1791520515.129348,14.566,4.149,0.000,1,low
1791520515.924303,1791520515.992709,15.259,9.057,68.406,2,low
1791520516.729501,1791520516.729501,15.929,5.512,0.000,1,low
1791520518.796292,1791520518.796292,15.769,5.352,0.000,1,low
1791520519.529481,1791520519.529481,14.734,4.318,0.000,1,low
1791520520.457664,1791520520.457664,14.958,4.541,0.000,1,low
1791520520.934524,1791520521.072103,16.597,22.669,137.579,4,low
1791520523.935220,1791520523.935220,15.858,5.441,0.000,1,low
1791520524.837010,1791520524.837010,15.985,5.568,0.000,1,low
1791520524.939017,1791520524.939017,16.511,6.094,0.000,1,low
1791520525.042009,1791520525.042009,16.836,6.419,0.000,1,low
1791520526.738745,1791520526.738745,16.088,5.671,0.000,1,low
1791520527.207559,1791520527.207559,16.418,6.001,0.000,1,low
1791520527.937650,1791520527.937650,15.878,5.461,0.000,1,low
1791520528.268604,1791520528.268604,15.834,5.417,0.000,1,low
1791520528.474159,1791520528.534015,15.784,10.419,59.856,2,low
1791520528.672928,1791520528.672928,16.146,5.729,0.000,1,low
1791520528.868560,1791520528.868560,16.195,5.778,0.000,1,low
1791520529.878999,1791520529.878999,15.623,5.206,0.000,1,low
1791520531.007407,1791520531.007407,15.428,5.011,0.000,1,low
1791520533.005727,1791520533.145130,17.826,17.017,139.403,3,low
1791520533.335314,1791520533.335314,15.113,4.697,0.000,1,low
1791520533.939124,1791520533.939124,15.156,4.739,0.000,1,low
1791520534.106185,1791520534.106185,14.630,4.213,0.000,1,low
1791520534.538278,1791520534.538278,15.393,4.977,0.000,1,low
1791520534.801591,1791520534.801591,14.467,4.051,0.000,1,low
1791520535.005416,1791520535.005416,14.896,4.479,0.000,1,low
1791520535.469883,1791520535.469883,14.803,4.387,0.000,1,low
1791520535.804988,1791520535.804988,14.917,4.501,0.000,1,low
1791520536.068920,1791520536.135598,15.828,10.301,66.678,2,low
1791520536.404620,1791520536.404620,15.255,4.838,0.000,1,low
1791520536.797918,1791520536.865949,16.720,10.874,68.031,2,low
1791520537.064747,1791520537.064747,14.864,4.447,0.000,1,low
1791520537.200875,1791520537.260014,16.132,9.779,59.139,2,low
1791520537.593332,1791520537.593332,14.705,4.288,0.000,1,low
1791520537.792955,1791520537.792955,14.324,3.907,0.000,1,low
1791520538.056821,1791520538.056821,14.115,3.698,0.000,1,low
1791520538.794177,1791520538.794177,16.118,5.701,0.000,1,low
1791520538.926918,1791520538.926918,14.226,3.810,0.000,1,low
1791520539.063067,1791520539.063067,14.711,4.294,0.000,1,low
1791520539.394624,1791520539.394624,14.085,3.668,0.000,1,low
1791520539.593340,1791520539.593340,14.128,3.711,0.000,1,low
1791520539.859560,1791520539.925547,14.473,7.663,65.987,2,low
1791520540.592376,1791520540.592376,14.607,4.191,0.000,1,low
1791520540.727880,1791520540.727880,14.555,4.138,0.000,1,low
1791520541.192442,1791520541.192442,15.149,4.732,0.000,1,low
1791520541.459339,1791520541.459339,14.674,4.257,0.000,1,low
1791520541.727299,1791520541.727299,17.667,7.250,0.000,1,low
1791520541.854275,1791520541.922554,16.215,9.931,68.279,2,low
1791520543.257370,1791520543.257370,14.683,4.267,0.000,1,low
1791520543.589846,1791520543.626418,15.580,9.801,36.572,2,low
1791520543.788430,1791520543.788430,15.129,4.712,0.000,1,low
1791520544.126014,1791520544.126014,15.883,5.466,0.000,1,low
1791520544.321382,1791520544.321382,15.610,5.193,0.000,1,low
1791520544.720830,1791520544.789583,15.167,9.164,68.753,2,low
1791520544.925325,1791520544.925325,15.416,4.999,0.000,1,low
1791520545.460303,1791520545.527683,14.971,8.749,67.380,2,low
1791520546.254839,1791520546.326951,15.890,10.914,72.112,2,low
1791520546.522393,1791520546.590381,15.553,9.303,67.988,2,low
1791520546.989897,1791520546.989897,14.753,4.337,0.000,1,low
1791520547.791577,1791520547.791577,16.126,5.709,0.000,1,low
1791520547.929511,1791520547.929511,14.793,4.376,0.000,1,low
1791520549.257645,1791520549.257645,16.620,6.203,0.000,1,low
1791520551.320875,1791520551.457025,15.796,14.746,136.150,3,low
1791520551.860544,1791520551.860544,14.873,4.457,0.000,1,low
1791520553.119862,1791520553.119862,15.084,4.667,0.000,1,low
1791520553.323943,1791520553.323943,14.750,4.333,0.000,1,low
1791520554.793881,1791520554.793881,14.527,4.110,0.000,1,low
1791520555.725786,1791520555.725786,14.823,4.407,0.000,1,low
1791520555.861859,1791520555.861859,16.480,6.063,0.000,1,low
1791520556.593611,1791520556.593611,15.437,5.021,0.000,1,low
1791520556.932582,1791520556.964088,16.917,12.565,31.506,2,low
1791520558.597358,1791520558.597358,15.190,4.774,0.000,1,low
1791520558.726770,1791520558.726770,14.502,4.085,0.000,1,low
1791520559.197762,1791520559.197762,15.311,4.895,0.000,1,low
1791520559.396377,1791520559.593862,15.793,18.587,197.485,4,low
1791520559.795292,1791520559.795292,14.301,3.884,0.000,1,low
1791520559.991059,1791520559.991059,15.225,4.808,0.000,1,low
1791520560.592037,1791520560.592037,14.857,4.440,0.000,1,low
1791520560.727317,1791520560.727317,14.708,4.292,0.000,1,low
1791520560.858685,1791520560.858685,14.737,4.320,0.000,1,low
1791520561.193529,1791520561.193529,14.581,4.165,0.000,1,low
1791520561.460304,1791520561.460304,14.853,4.436,0.000,1,low
1791520561.962203,1791520561.962203,14.675,4.258,0.000,1,low
1791520562.856772,1791520562.922802,14.294,7.640,66.030,2,low
1791520563.123257,1791520563.123257,14.657,4.241,0.000,1,low
1791520563.526207,1791520563.657944,16.526,15.913,131.737,3,low
1791520563.858170,1791520563.858170,14.413,3.996,0.000,1,low
1791520564.855589,1791520564.855589,15.032,4.616,0.000,1,low
1791520565.057036,1791520565.057036,15.138,4.721,0.000,1,low
1791520565.650141,1791520565.717186,14.529,8.100,67.045,2,low
1791520566.390885,1791520566.457418,14.803,8.115,66.533,2,low
1791520566.657833,1791520566.657833,14.612,4.195,0.000,1,low
1791520566.789415,1791520566.789415,14.599,4.182,0.000,1,low
1791520568.058230,1791520568.058230,14.381,3.964,0.000,1,low
1791520568.393682,1791520568.393682,14.656,4.239,0.000,1,low
1791520569.466957,1791520569.466957,14.743,4.326,0.000,1,low
1791520570.597247,1791520570.597247,15.030,4.613,0.000,1,low
1791520571.193367,1791520571.193367,14.661,4.244,0.000,1,low
1791520571.431844,1791520571.431844,15.758,5.341,0.000,1,low
1791520572.994555,1791520572.994555,14.904,4.488,0.000,1,low
1791520573.262829,1791520573.262829,15.924,5.507,0.000,1,low
1791520573.597959,1791520573.597959,15.615,5.199,0.000,1,low
1791520573.792877,1791520573.792877,15.522,5.105,0.000,1,low
1791520574.194146,1791520574.194146,15.190,4.774,0.000,1,low
1791520575.303306,1791520575.303306,15.666,5.250,0.000,1,low
1791520576.606378,1791520576.606378,15.820,5.403,0.000,1,low
1791520577.432025,1791520577.432025,14.948,4.531,0.000,1,low
1791520578.587744,1791520578.587744,15.243,4.826,0.000,1,low
1791520578.718222,1791520578.718222,14.402,3.985,0.000,1,low
1791520579.121495,1791520579.121495,15.129,4.712,0.000,1,low
1791520579.581055,1791520579.581055,14.214,3.798,0.000,1,low
1791520582.586136,1791520582.586136,18.060,7.643,0.000,1,low
1791520582.854032,1791520582.854032,15.947,5.530,0.000,1,low
1791520584.989274,1791520584.989274,15.759,5.342,0.000,1,low
1791520589.565208,1791520589.565208,16.128,5.712,0.000,1,low
1791520590.258950,1791520590.258950,15.097,4.680,0.000,1,low
1791520590.792040,1791520590.792040,15.313,4.896,0.000,1,low
1791520591.254191,1791520591.254191,16.077,5.661,0.000,1,low
1791520591.589075,1791520591.589075,15.634,5.218,0.000,1,low
1791520591.853261,1791520591.853261,15.643,5.226,0.000,1,low
1791520592.187053,1791520592.187053,15.391,4.974,0.000,1,low
1791520594.989746,1791520594.989746,16.246,5.829,0.000,1,low
1791520595.518722,1791520595.518722,16.173,5.757,0.000,1,low
1791520596.185574,1791520596.260854,17.935,19.670,75.280,3,low
1791520596.456307,1791520596.456307,15.338,4.921,0.000,1,low
1791520598.586857,1791520598.658514,16.613,11.722,71.657,2,low
1791520599.527020,1791520599.527020,15.783,5.366,0.000,1,low
1791520601.132652,1791520601.132652,17.749,7.332,0.000,1,low
1791520602.327823,1791520602.327823,18.058,7.641,0.000,1,low
1791520603.995201,1791520603.995201,16.025,5.608,0.000,1,low
1791520604.264736,1791520604.264736,17.715,7.298,0.000,1,low
1791520604.592541,1791520604.592541,15.996,5.580,0.000,1,low
1791520605.324072,1791520605.324072,16.742,6.325,0.000,1,low
1791520607.724222,1791520607.724222,17.073,6.657,0.000,1,low
1791520609.259997,1791520609.259997,17.000,6.583,0.000,1,low
1791520609.792733,1791520609.792733,18.207,7.791,0.000,1,low
1791520611.190722,1791520611.190722,18.050,7.634,0.000,1,low
1791520611.725929,1791520611.725929,15.805,5.389,0.000,1,low
1791520611.925050,1791520611.925050,16.064,5.648,0.000,1,low
1791520612.989078,1791520612.989078,15.621,5.205,0.000,1,low
1791520613.453863,1791520613.453863,15.599,5.182,0.000,1,low
1791520614.583464,1791520614.583464,15.828,5.411,0.000,1,low
1791520615.053120,1791520615.053120,15.694,5.277,0.000,1,low
1791520615.249874,1791520615.249874,15.053,4.636,0.000,1,low
1791520616.055568,1791520616.055568,15.048,4.631,0.000,1,low
1791520616.858305,1791520616.858305,15.408,4.991,0.000,1,low
1791520618.994652,1791520618.994652,17.368,6.951,0.000,1,low
1791520619.193578,1791520619.329339,17.942,20.994,135.761,3,low
1791520620.261998,1791520620.325236,17.540,13.096,63.238,2,low
1791520621.665716,1791520621.693053,17.728,13.876,27.337,2,low
1791520622.600414,1791520622.600414,18.751,8.334,0.000,1,low
1791520623.198577,1791520623.198577,16.885,6.468,0.000,1,low
1791520624.598482,1791520624.598482,17.092,6.676,0.000,1,low
1791520625.729787,1791520625.729787,15.763,5.346,0.000,1,low
1791520626.129007,1791520626.129007,15.656,5.239,0.000,1,low
1791520626.327525,1791520626.327525,15.964,5.548,0.000,1,low
1791520626.461258,1791520626.461258,15.777,5.360,0.000,1,low
1791520627.198675,1791520627.198675,16.469,6.052,0.000,1,low
1791520627.730398,1791520627.730398,15.560,5.143,0.000,1,low
1791520628.793519,1791520628.793519,15.855,5.439,0.000,1,low
1791520629.061602,1791520629.061602,17.050,6.633,0.000,1,low
1791520631.588791,1791520631.588791,16.076,5.659,0.000,1,low
1791520632.589542,1791520632.589542,16.096,5.680,0.000,1,low
1791520633.521956,1791520633.591326,18.027,13.768,69.370,2,low
1791520634.455914,1791520634.455914,17.990,7.573,0.000,1,low
1791520635.728663,1791520635.728663,16.565,6.149,0.000,1,low
1791520640.726460,1791520640.726460,17.643,7.227,0.000,1,low
1791520642.429466,1791520642.429466,16.913,6.496,0.000,1,low
1791520644.857617,1791520644.857617,15.152,4.736,0.000,1,low
1791520645.910335,1791520646.078040,15.890,15.270,167.705,3,low
1791520646.378583,1791520646.378583,15.701,5.284,0.000,1,low
1791520646.643377,1791520646.643377,15.976,5.560,0.000,1,low
1791520647.080910,1791520647.244222,16.670,22.300,163.312,4,low
1791520648.074972,1791520648.179839,15.927,15.477,104.867,3,low
1791520648.641733,1791520648.641733,15.351,4.934,0.000,1,low
1791520649.269199,1791520649.335624,16.304,11.042,66.425,2,low
1791520650.262060,1791520650.325138,15.366,9.820,63.078,2,low
1791520650.525443,1791520650.525443,15.558,5.142,0.000,1,low
1791520650.864012,1791520650.864012,15.746,5.329,0.000,1,low
1791520651.058659,1791520651.058659,15.877,5.460,0.000,1,low
1791520651.458622,1791520651.458622,16.189,5.772,0.000,1,low
1791520651.931262,1791520651.931262,16.077,5.661,0.000,1,low
1791520652.060150,1791520652.060150,16.365,5.948,0.000,1,low
1791520652.394720,1791520652.394720,16.184,5.767,0.000,1,low
1791520652.659904,1791520652.659904,16.286,5.870,0.000,1,low
1791520652.860658,1791520652.860658,15.694,5.277,0.000,1,low
1791520653.054845,1791520653.054845,15.788,5.371,0.000,1,low
1791520653.261350,1791520653.286362,17.628,13.818,25.012,2,low
1791520653.654691,1791520653.654691,15.414,4.997,0.000,1,low
1791520654.055902,1791520654.055902,14.940,4.523,0.000,1,low
1791520654.256241,1791520654.256241,15.488,5.072,0.000,1,low
1791520654.388545,1791520654.523062,15.259,13.981,134.517,3,low
1791520654.790734,1791520654.853223,16.082,10.622,62.489,2,low
1791520654.991828,1791520654.991828,15.662,5.245,0.000,1,low
1791520655.187842,1791520655.258075,15.964,10.321,70.233,2,low
1791520655.391919,1791520655.656281,16.370,19.937,264.362,4,low
1791520655.790891,1791520655.790891,15.017,4.600,0.000,1,low
1791520655.891686,1791520655.891686,14.901,4.484,0.000,1,low
1791520656.257688,1791520656.327780,15.889,10.859,70.092,2,low
1791520657.000214,1791520657.000214,16.194,5.777,0.000,1,low
1791520657.394933,1791520657.394933,15.889,5.472,0.000,1,low
1791520657.663114,1791520657.663114,15.556,5.139,0.000,1,low
1791520658.267068,1791520658.267068,16.701,6.284,0.000,1,low
1791520659.135248,1791520659.135248,16.309,5.892,0.000,1,low
1791520660.994722,1791520660.994722,16.945,6.529,0.000,1,low
1791520661.995396,1791520661.995396,16.023,5.606,0.000,1,low
1791520662.256091,1791520662.256091,16.562,6.145,0.000,1,low
1791520663.054510,1791520663.054510,16.983,6.567,0.000,1,low
1791520663.859775,1791520663.859775,17.230,6.813,0.000,1,low
1791520664.261327,1791520664.330389,16.107,11.149,69.062,2,low
1791520665.192933,1791520665.192933,15.805,5.389,0.000,1,low
1791520666.192580,1791520666.257910,16.165,11.251,65.330,2,low
1791520667.656465,1791520667.656465,15.751,5.334,0.000,1,low
1791520668.587685,1791520668.655854,15.662,10.133,68.169,2,low
1791520669.121007,1791520669.121007,16.264,5.847,0.000,1,low
1791520669.257639,1791520669.257639,15.346,4.929,0.000,1,low
1791520670.920188,1791520670.920188,15.000,4.584,0.000,1,low
1791520671.448730,1791520671.448730,15.188,4.771,0.000,1,low
1791520672.253290,1791520672.253290,15.283,4.866,0.000,1,low
1791520672.587199,1791520672.587199,15.264,4.847,0.000,1,low
1791520672.785471,1791520672.785471,16.488,6.071,0.000,1,low
1791520672.986745,1791520672.986745,16.200,5.783,0.000,1,low
1791520673.257959,1791520673.257959,16.443,6.026,0.000,1,low
1791520674.785836,1791520674.853239,15.904,10.836,67.403,2,low
1791520675.454841,1791520675.454841,16.015,5.599,0.000,1,low
1791520675.922004,1791520675.922004,15.714,5.297,0.000,1,low
1791520676.053859,1791520676.053859,15.715,5.298,0.000,1,low
